Crop_Type,Temperature,Rainfall,Humidity,Soil_Moisture,Soil_pH,Nitrogen,Phosphorus,Potassium,Season,Historical_Irrigation_Water,Crop_Yield
Wheat,25.7,74.4,69.9,36.8,6.9,47.0,36.0,76.8,Rabi,288.7,3.33
Wheat,27.5,86.8,61.6,57.9,6.5,86.5,78.8,62.4,Rabi,365.5,4.05
Wheat,22.4,77.0,71.7,34.0,6.0,55.9,48.6,64.5,Rabi,146.8,3.58
Wheat,24.4,90.9,67.2,58.9,7.1,76.9,65.7,69.4,Rabi,214.5,3.98
Wheat,21.9,84.0,57.5,40.0,7.0,71.7,55.8,64.8,Rabi,173.7,3.72
Wheat,23.5,88.9,73.7,31.6,7.1,53.9,45.7,36.4,Rabi,293.2,3.29
Wheat,20.3,90.8,52.4,46.1,6.1,108.2,71.2,72.3,Rabi,125.7,4.19
Wheat,23.5,99.3,74.2,47.7,7.1,47.6,44.4,35.5,Rabi,283.1,3.36
Wheat,25.2,95.1,79.8,47.9,7.2,78.4,32.8,66.5,Rabi,233.7,3.6
Wheat,26.5,93.6,65.4,56.1,6.2,109.4,44.9,52.8,Rabi,228.5,3.94
Wheat,25.4,89.9,76.0,67.6,7.3,59.2,73.5,76.5,Rabi,329.0,3.85
Wheat,22.8,96.2,78.6,68.7,6.6,110.3,30.6,31.5,Rabi,362.6,3.77
Wheat,24.4,99.9,68.0,66.4,7.1,64.2,66.9,56.2,Rabi,219.2,3.88
Wheat,21.5,89.8,55.2,30.4,5.9,92.6,55.7,59.3,Rabi,393.5,3.86
Wheat,25.5,75.6,51.5,34.3,6.3,105.5,41.2,51.9,Rabi,323.4,3.75
Wheat,20.9,91.0,73.3,35.1,5.9,48.8,40.0,63.8,Rabi,355.2,3.41
Wheat,23.3,88.3,53.5,32.7,7.2,40.0,38.6,67.6,Rabi,373.6,3.43
Wheat,21.6,76.0,54.3,41.1,7.5,93.9,38.3,43.2,Rabi,313.0,3.75
Wheat,23.0,81.1,76.7,61.5,6.9,104.0,66.8,48.9,Rabi,144.4,4.04
Wheat,24.7,93.5,53.8,52.5,6.4,46.5,38.1,75.6,Rabi,234.2,3.57
Wheat,26.3,75.7,69.1,68.5,6.5,115.8,77.1,49.5,Rabi,234.4,4.13
Wheat,28.0,99.0,52.4,49.1,6.5,86.3,34.2,73.0,Rabi,300.4,3.99
Wheat,23.4,90.7,63.0,36.4,6.8,81.4,75.2,33.8,Rabi,131.6,3.73
Wheat,20.8,72.2,66.5,68.0,7.2,48.9,62.8,35.7,Rabi,349.0,3.39
Wheat,26.0,70.9,66.5,63.0,6.8,42.8,49.6,57.0,Rabi,107.2,3.45
Wheat,26.3,93.8,70.4,58.6,7.1,59.4,72.1,57.8,Rabi,241.8,3.83
Wheat,27.9,74.8,65.0,38.0,7.3,97.7,46.3,30.7,Rabi,209.0,3.54
Wheat,20.9,92.6,50.1,54.5,6.3,107.9,61.3,46.8,Rabi,107.2,3.96
Wheat,22.7,86.1,75.1,37.3,7.3,117.8,51.8,32.4,Rabi,168.4,3.69
Wheat,25.0,93.3,53.8,36.4,6.4,91.9,48.1,63.3,Rabi,108.5,3.88
Wheat,25.2,78.5,74.5,33.6,7.3,90.3,49.4,75.0,Rabi,281.1,3.72
Wheat,27.2,78.8,64.9,33.7,5.5,49.2,48.5,37.2,Rabi,199.5,3.35
Wheat,24.8,91.5,67.2,57.2,7.1,69.3,50.7,33.8,Rabi,357.9,3.51
Wheat,21.7,75.1,73.0,69.7,6.6,113.6,73.1,74.8,Rabi,318.5,4.24
Wheat,27.0,94.6,50.8,67.5,6.6,117.7,32.2,65.0,Rabi,157.6,4.07
Wheat,20.8,83.2,58.1,46.4,6.7,54.6,77.1,59.0,Rabi,132.9,3.72
Wheat,27.5,99.8,52.4,51.4,6.5,95.1,42.2,70.9,Rabi,157.2,4.04
Wheat,20.6,88.2,51.4,38.8,7.4,79.8,48.9,58.2,Rabi,257.9,3.69
Wheat,27.4,94.3,58.1,32.9,6.7,70.3,78.2,37.4,Rabi,186.6,3.7
Wheat,20.1,75.0,64.4,49.3,7.0,93.2,64.6,58.8,Rabi,369.2,4.01
Wheat,20.7,79.8,63.9,55.6,5.8,109.8,42.8,70.9,Rabi,116.9,4.09
Wheat,22.5,85.1,64.6,66.1,6.1,109.5,32.4,77.7,Rabi,331.2,3.93
Wheat,26.0,92.4,66.5,38.4,6.0,107.2,75.1,57.1,Rabi,341.2,4.2
Wheat,23.4,80.9,60.1,33.3,7.4,50.6,60.7,40.7,Rabi,185.8,3.41
Wheat,22.2,83.4,54.9,61.5,6.2,116.9,36.9,38.4,Rabi,139.4,3.84
Wheat,24.0,85.8,53.2,51.4,6.5,88.5,48.9,67.3,Rabi,262.8,3.93
Wheat,24.1,85.3,61.8,54.0,6.6,60.4,54.1,63.0,Rabi,106.7,3.61
Wheat,27.0,98.9,57.6,37.6,5.6,110.5,68.6,31.8,Rabi,216.0,4.05
Wheat,22.0,77.9,61.0,35.5,7.1,65.2,71.2,37.6,Rabi,283.3,3.5
Wheat,22.2,92.5,58.1,66.9,7.1,61.9,56.0,66.5,Rabi,270.2,3.68
Wheat,23.7,96.0,79.9,42.0,6.1,40.7,66.4,49.1,Rabi,338.9,3.58
Wheat,25.2,91.9,79.3,57.0,5.7,61.0,56.8,71.7,Rabi,131.9,3.73
Wheat,22.6,91.2,79.3,42.2,5.5,79.1,51.7,59.7,Rabi,209.4,3.8
Wheat,21.1,78.1,78.5,68.7,7.2,66.3,36.5,75.3,Rabi,375.5,3.77
Wheat,22.8,96.4,52.2,53.1,6.8,103.1,64.5,79.7,Rabi,225.4,4.22
Wheat,22.5,80.6,74.6,60.7,6.7,107.2,63.5,74.7,Rabi,308.8,4.19
Wheat,20.7,93.8,52.2,55.7,7.3,41.3,77.3,58.4,Rabi,318.5,3.65
Wheat,26.6,89.7,74.3,53.8,6.5,63.9,64.9,59.1,Rabi,323.5,3.78
Wheat,22.1,76.6,72.8,52.7,6.0,57.3,37.2,37.7,Rabi,170.5,3.36
Wheat,22.9,98.2,64.0,50.5,7.4,91.3,35.4,56.7,Rabi,137.3,3.73
Wheat,22.3,92.8,78.4,64.4,6.5,68.8,62.6,42.1,Rabi,368.5,3.67
Wheat,26.4,81.8,64.9,59.7,6.2,41.2,33.8,58.6,Rabi,246.2,3.28
Wheat,21.0,91.3,62.6,33.5,6.3,106.1,45.2,34.4,Rabi,268.5,3.65
Wheat,20.6,95.3,71.1,50.5,6.8,81.8,67.4,45.2,Rabi,315.7,3.97
Wheat,26.4,81.2,59.4,44.7,7.2,74.1,61.9,35.9,Rabi,116.0,3.64
Wheat,23.9,87.5,53.4,39.2,6.8,85.4,61.8,49.3,Rabi,246.7,3.69
Wheat,26.9,95.9,65.3,65.5,7.3,46.9,69.8,48.4,Rabi,297.0,3.58
Wheat,20.3,90.9,76.8,34.5,5.8,77.1,60.2,52.8,Rabi,267.4,3.63
Wheat,23.5,84.8,71.9,55.0,5.5,119.5,52.0,40.3,Rabi,387.5,3.92
Wheat,20.6,96.1,65.4,63.5,6.9,44.3,50.5,72.3,Rabi,136.5,3.67
Wheat,25.3,70.9,72.9,50.2,7.2,93.2,34.2,49.6,Rabi,328.5,3.66
Wheat,21.6,71.0,72.9,41.2,5.8,93.6,79.8,38.2,Rabi,373.2,3.69
Wheat,27.2,82.1,78.7,40.8,6.3,84.8,67.8,46.8,Rabi,125.2,3.73
Wheat,24.1,84.5,75.9,52.8,6.2,50.7,70.5,35.1,Rabi,191.4,3.47
Wheat,20.8,80.7,73.4,42.4,5.8,45.9,55.2,52.4,Rabi,399.3,3.47
Wheat,22.7,76.5,56.4,30.7,6.6,84.1,40.7,50.0,Rabi,260.5,3.6
Wheat,25.6,98.6,72.3,63.3,7.4,56.8,70.6,71.7,Rabi,129.6,3.82
Wheat,27.4,74.3,68.3,31.7,6.8,82.2,46.6,62.8,Rabi,391.4,3.65
Wheat,21.5,96.8,75.7,65.6,6.2,88.9,74.8,31.4,Rabi,338.1,3.97
Wheat,23.2,92.4,60.4,47.6,7.1,47.6,79.3,76.7,Rabi,392.1,3.79
Wheat,27.6,83.4,68.6,53.9,6.3,51.2,79.8,72.8,Rabi,156.3,3.82
Wheat,23.2,85.4,73.1,38.4,6.0,90.3,49.3,33.7,Rabi,270.6,3.61
Wheat,27.3,86.8,56.4,30.9,6.1,58.5,41.1,31.7,Rabi,158.7,3.17
Wheat,24.8,98.4,73.9,40.3,5.7,51.0,55.3,46.1,Rabi,241.9,3.65
Wheat,23.3,83.7,72.5,58.9,6.3,42.5,58.6,74.1,Rabi,128.5,3.59
Wheat,23.1,72.3,72.9,50.5,6.0,89.4,34.0,50.0,Rabi,351.4,3.59
Wheat,21.8,83.3,59.3,48.8,6.3,74.7,49.1,33.1,Rabi,290.8,3.53
Wheat,23.7,73.3,69.3,63.4,7.3,92.8,37.1,66.8,Rabi,336.9,3.78
Wheat,24.6,89.3,70.3,35.7,6.4,90.3,54.3,68.6,Rabi,319.3,3.89
Wheat,21.0,91.2,78.2,38.9,5.6,55.6,53.1,50.8,Rabi,365.9,3.6
Wheat,21.8,96.1,60.2,39.8,6.9,55.1,43.5,40.1,Rabi,298.8,3.45
Wheat,22.0,93.2,65.0,57.8,6.7,45.2,71.6,46.4,Rabi,368.4,3.67
Wheat,20.9,82.1,55.4,56.7,7.2,51.4,42.9,54.6,Rabi,313.7,3.49
Wheat,28.0,94.8,50.8,65.7,6.9,74.9,51.0,35.2,Rabi,184.7,3.68
Wheat,24.2,98.7,67.6,31.0,7.4,113.7,65.8,71.8,Rabi,163.2,4.3
Wheat,27.1,76.6,54.2,61.9,6.6,55.7,64.7,47.9,Rabi,142.5,3.62
Wheat,26.7,78.3,62.3,44.1,6.3,102.9,30.1,52.3,Rabi,157.1,3.73
Wheat,20.3,87.4,77.6,39.3,7.0,90.7,70.0,75.9,Rabi,109.0,4.22
Wheat,21.3,99.0,57.1,65.7,6.4,64.3,61.3,72.9,Rabi,145.0,3.94
Wheat,20.6,84.3,57.9,45.0,7.4,105.9,67.3,78.4,Rabi,191.4,4.1
Wheat,21.3,82.7,70.6,64.1,6.9,41.4,77.5,53.6,Rabi,386.6,3.62
Wheat,21.3,76.7,70.0,55.8,6.0,100.0,70.3,77.8,Rabi,275.9,4.13
Wheat,26.5,70.1,52.8,65.6,7.2,96.9,55.0,69.1,Rabi,224.0,3.95
Wheat,27.7,98.5,55.2,53.2,6.1,47.7,54.9,40.7,Rabi,254.2,3.59
Wheat,27.0,87.5,61.2,30.3,6.0,74.3,66.8,59.9,Rabi,130.6,3.84
Wheat,20.8,72.6,56.7,49.0,6.5,69.5,61.7,79.9,Rabi,130.2,3.81
Wheat,27.5,99.2,74.8,65.8,7.3,95.5,41.6,79.0,Rabi,244.8,4.09
Wheat,21.7,70.5,54.1,64.3,7.1,83.6,38.6,31.6,Rabi,222.3,3.45
Wheat,24.1,74.5,76.2,48.6,5.8,47.9,52.7,75.6,Rabi,364.8,3.67
Wheat,22.5,96.9,53.4,45.8,6.9,93.6,75.7,78.0,Rabi,363.9,4.2
Wheat,24.4,82.1,64.6,46.0,7.5,60.6,41.4,72.3,Rabi,118.4,3.53
Wheat,21.2,99.2,52.0,52.4,5.8,113.0,31.8,39.4,Rabi,215.7,3.7
Wheat,25.6,95.4,54.1,47.9,5.6,95.5,62.4,71.1,Rabi,297.5,3.97
Wheat,25.7,79.8,68.5,50.9,6.5,68.9,53.1,60.2,Rabi,152.8,3.65
Wheat,23.6,87.9,75.7,42.8,5.6,108.1,48.0,57.0,Rabi,149.9,3.89
Wheat,27.5,83.9,79.7,35.8,7.3,82.7,63.2,33.4,Rabi,263.8,3.6
Wheat,20.3,73.7,50.0,31.7,7.5,76.2,47.2,48.4,Rabi,284.0,3.59
Wheat,25.0,98.5,58.2,36.6,5.6,68.1,44.5,52.9,Rabi,249.5,3.69
Wheat,22.3,74.5,57.8,56.5,6.1,96.8,34.1,39.2,Rabi,176.5,3.55
Wheat,24.0,93.5,67.2,53.4,6.3,115.0,48.0,35.9,Rabi,338.3,3.73
Wheat,25.4,72.9,50.1,34.0,6.1,43.9,48.1,56.9,Rabi,166.5,3.36
Wheat,27.3,75.4,70.6,30.3,7.2,50.7,76.2,62.4,Rabi,171.0,3.38
Wheat,20.6,93.9,70.7,50.1,7.3,40.5,55.4,51.5,Rabi,124.1,3.47
Wheat,21.2,85.0,76.0,64.8,7.0,111.0,50.7,39.3,Rabi,113.0,3.86
Wheat,21.8,84.3,66.9,31.1,6.9,110.6,57.9,39.4,Rabi,184.3,3.87
Wheat,23.0,76.5,70.3,60.5,6.5,90.7,65.7,59.7,Rabi,187.7,3.9
Wheat,24.8,76.9,60.9,30.9,7.0,78.1,74.4,64.5,Rabi,191.5,3.78
Wheat,22.3,92.5,64.5,58.4,6.6,50.0,71.3,53.3,Rabi,121.2,3.67
Wheat,25.6,73.3,72.5,48.3,6.2,40.0,67.7,78.0,Rabi,326.8,3.7
Wheat,27.1,89.7,69.6,34.7,5.6,114.7,63.4,44.7,Rabi,278.1,3.9
Wheat,25.7,77.1,79.4,47.1,6.7,105.5,60.6,70.6,Rabi,342.4,4.14
Wheat,21.2,86.7,64.5,35.3,5.9,70.2,53.6,52.5,Rabi,270.1,3.61
Wheat,25.8,74.9,78.7,49.6,6.2,80.7,49.5,52.0,Rabi,395.6,3.51
Wheat,23.2,90.9,76.1,33.6,5.6,103.3,31.4,49.8,Rabi,132.3,3.76
Wheat,23.6,72.9,76.8,38.0,6.4,82.0,59.9,47.1,Rabi,282.8,3.7
Wheat,22.0,80.1,62.9,58.3,5.6,83.7,75.1,37.7,Rabi,227.6,3.9
Wheat,20.6,84.9,65.4,46.0,6.4,111.9,49.9,74.9,Rabi,266.3,3.92
Wheat,22.2,88.7,64.4,64.6,6.6,95.0,50.7,43.7,Rabi,368.9,3.89
Wheat,23.0,92.6,53.8,46.6,6.4,55.5,40.8,37.2,Rabi,198.5,3.31
Wheat,20.1,98.2,58.1,49.6,7.2,49.2,78.5,61.4,Rabi,326.9,3.82
Wheat,25.3,98.7,54.0,33.9,7.4,102.8,70.3,73.8,Rabi,174.5,4.29
Wheat,26.6,83.0,63.6,49.0,7.3,57.3,68.7,40.9,Rabi,382.3,3.62
Wheat,22.5,99.1,62.2,37.1,6.3,65.7,47.3,41.9,Rabi,395.9,3.52
Wheat,22.7,98.8,62.5,30.6,7.2,113.4,46.1,39.2,Rabi,119.7,3.78
Wheat,23.9,91.5,78.3,40.1,6.6,81.5,65.8,35.4,Rabi,165.5,3.88
Wheat,21.2,88.5,79.1,43.2,6.7,110.9,68.6,42.5,Rabi,345.3,3.98
Wheat,23.8,83.2,65.2,57.6,7.5,83.2,69.8,51.2,Rabi,257.4,3.85
Wheat,20.3,72.0,55.8,52.4,5.6,68.9,35.2,73.6,Rabi,111.0,3.54
Wheat,21.3,83.7,62.2,67.1,6.7,44.7,68.4,73.8,Rabi,318.3,3.81
Wheat,20.2,96.2,71.8,64.8,6.1,95.1,57.1,39.6,Rabi,248.9,3.9
Wheat,22.2,80.6,63.3,41.4,6.3,79.2,59.5,52.7,Rabi,277.6,3.67
Wheat,23.4,90.8,78.8,60.6,5.6,99.3,53.8,63.4,Rabi,398.0,3.96
Wheat,23.9,78.6,56.3,68.1,6.3,71.9,49.4,42.3,Rabi,347.3,3.7
Wheat,24.7,89.1,55.6,41.8,7.1,76.8,46.8,79.7,Rabi,117.5,3.95
Wheat,20.5,97.9,58.2,50.0,5.8,87.2,37.3,65.1,Rabi,123.1,3.8
Wheat,20.3,88.3,63.4,48.5,5.6,72.8,54.7,78.2,Rabi,118.5,3.82
Wheat,23.8,93.2,79.2,67.2,7.0,68.7,74.0,72.2,Rabi,240.7,4.02
Wheat,21.3,87.1,56.1,34.0,6.4,68.0,39.1,35.8,Rabi,232.9,3.42
Wheat,22.2,70.6,63.9,39.1,7.1,47.5,41.2,77.2,Rabi,103.1,3.5
Wheat,24.1,88.8,63.6,48.4,5.5,119.2,60.7,66.1,Rabi,375.1,4.42
Wheat,25.4,82.7,60.3,50.0,6.9,100.5,64.2,33.0,Rabi,184.0,3.75
Wheat,21.6,86.5,67.3,34.8,7.3,119.9,74.7,38.8,Rabi,192.6,3.96
Wheat,27.7,99.3,52.7,44.0,6.3,116.4,63.8,35.9,Rabi,365.5,3.96
Wheat,20.4,74.8,67.3,40.1,6.7,59.6,49.0,58.4,Rabi,318.3,3.54
Wheat,24.7,78.3,75.0,48.3,6.3,52.2,56.3,67.7,Rabi,240.9,3.39
Wheat,24.0,70.4,58.6,56.9,5.8,56.2,30.9,44.0,Rabi,114.6,3.22
Wheat,23.2,97.8,58.2,48.1,7.2,49.9,70.3,63.0,Rabi,351.9,3.65
Wheat,26.5,92.4,79.2,42.6,7.2,91.2,54.6,62.6,Rabi,383.4,3.93
Wheat,26.6,80.8,58.2,68.4,5.9,75.7,46.6,55.8,Rabi,388.4,3.73
Wheat,23.7,99.2,73.3,34.0,6.0,62.2,54.6,55.5,Rabi,346.4,3.68
Wheat,23.6,84.0,69.6,37.0,6.3,102.9,62.5,56.2,Rabi,303.8,3.99
Wheat,23.3,86.1,78.3,39.0,6.5,41.4,45.6,76.4,Rabi,314.5,3.48
Wheat,20.1,84.6,79.8,56.0,5.8,43.2,49.1,76.3,Rabi,332.1,3.66
Wheat,24.7,95.7,59.9,67.2,7.3,40.7,50.5,42.9,Rabi,167.6,3.44
Wheat,20.5,97.9,69.8,37.5,6.9,102.5,42.2,57.3,Rabi,344.4,3.75
Wheat,27.4,81.9,72.9,43.2,5.6,82.8,45.5,30.8,Rabi,227.5,3.37
Wheat,25.2,83.6,74.6,64.8,6.0,49.4,73.5,41.5,Rabi,344.5,3.51
Wheat,25.8,80.1,60.0,68.4,6.1,82.5,76.0,54.1,Rabi,138.4,3.95
Wheat,26.1,70.0,69.3,33.5,6.1,70.7,43.1,51.8,Rabi,377.7,3.41
Wheat,25.8,71.6,56.1,68.1,6.5,113.5,79.9,37.7,Rabi,114.5,4.16
Wheat,22.6,78.2,65.8,41.5,7.1,45.6,79.6,53.6,Rabi,295.4,3.55
Wheat,25.4,93.0,61.4,43.1,6.0,104.4,40.3,60.0,Rabi,323.8,3.88
Wheat,27.0,76.9,59.5,59.9,6.7,102.3,57.6,74.8,Rabi,144.0,3.96
Wheat,25.0,92.6,67.2,58.7,6.8,55.9,62.8,39.5,Rabi,152.2,3.62
Wheat,23.6,85.8,62.8,57.5,7.5,117.1,64.2,42.7,Rabi,188.4,4.23
Wheat,22.5,96.2,57.3,34.1,5.7,72.2,43.7,46.7,Rabi,259.0,3.59
Wheat,25.3,88.2,54.4,64.9,6.2,117.0,44.4,69.3,Rabi,342.8,4.08
Wheat,20.2,73.6,75.9,59.0,6.4,88.6,43.1,70.9,Rabi,182.0,3.87
Wheat,21.4,79.3,61.1,60.3,7.5,88.4,48.1,54.4,Rabi,227.7,3.87
Wheat,24.9,94.5,77.3,36.5,6.6,118.5,47.7,32.3,Rabi,259.6,3.82
Wheat,27.0,89.9,50.3,55.5,6.0,52.2,40.3,58.4,Rabi,399.0,3.51
Wheat,23.9,74.1,62.8,67.3,6.3,119.9,34.9,42.0,Rabi,177.4,3.81
Wheat,21.9,99.6,63.8,52.3,5.5,64.4,62.5,48.5,Rabi,246.3,3.73
Wheat,25.9,79.5,75.0,47.6,7.3,107.7,37.0,42.4,Rabi,302.3,3.6
Wheat,24.0,93.2,75.2,34.9,5.6,87.2,36.9,58.7,Rabi,226.6,3.73
Wheat,24.9,86.8,57.5,57.0,6.8,106.6,59.7,66.6,Rabi,114.0,3.99
Wheat,26.5,92.2,72.3,53.1,7.1,104.4,73.6,50.9,Rabi,122.1,4.09
Wheat,20.4,90.1,60.2,41.1,5.8,65.9,66.5,73.0,Rabi,244.6,3.86
Wheat,26.5,78.6,62.4,64.1,7.2,107.9,60.2,58.1,Rabi,158.4,4.14
Wheat,21.0,99.6,65.2,68.0,5.9,112.6,76.4,58.5,Rabi,182.7,4.36
Rice,30.4,240.5,74.0,33.8,6.8,106.7,45.8,66.7,Kharif,310.0,5.2
Rice,31.0,206.5,61.4,62.2,7.0,49.2,65.9,52.5,Kharif,179.8,4.82
Rice,30.8,209.1,71.8,45.3,5.7,87.8,57.2,69.4,Kharif,242.1,5.07
Rice,28.4,232.5,71.3,40.9,6.9,51.4,75.1,41.1,Kharif,141.5,4.7
Rice,29.9,212.1,79.1,62.1,6.2,104.0,33.7,63.8,Kharif,323.9,5.26
Rice,34.1,252.8,66.6,56.2,6.5,47.4,43.1,52.3,Kharif,241.1,4.59
Rice,32.0,215.7,76.1,58.9,6.9,65.8,48.8,74.5,Kharif,265.5,5.21
Rice,30.3,218.6,57.8,46.8,5.9,75.8,72.9,57.8,Kharif,306.0,5.12
Rice,32.5,206.8,65.4,43.7,5.5,77.6,47.2,72.9,Kharif,232.6,4.96
Rice,33.3,259.4,56.4,35.9,5.6,55.0,74.3,72.1,Kharif,379.5,5.0
Rice,31.4,255.8,77.1,56.6,5.6,81.2,71.7,44.6,Kharif,363.3,5.1
Rice,28.3,234.0,59.1,67.1,7.4,53.7,41.2,38.2,Kharif,327.6,4.68
Rice,30.3,239.8,59.4,46.7,7.1,49.5,59.2,43.0,Kharif,179.8,4.57
Rice,33.8,242.4,76.0,69.9,5.7,51.0,49.5,59.6,Kharif,389.7,4.75
Rice,32.4,250.8,55.0,51.9,6.4,73.6,67.8,42.9,Kharif,351.6,5.04
Rice,28.6,211.0,77.1,59.8,6.6,50.3,54.7,39.9,Kharif,128.4,4.44
Rice,28.4,233.7,65.6,38.8,5.8,111.8,47.0,74.5,Kharif,220.1,5.49
Rice,34.0,222.6,66.3,39.2,7.0,103.1,42.4,52.9,Kharif,134.0,5.16
Rice,31.4,248.8,57.1,39.8,6.0,119.7,63.7,66.2,Kharif,358.2,5.7
Rice,33.6,201.1,79.4,32.4,6.6,59.5,70.4,75.2,Kharif,120.4,4.79
Rice,34.0,252.0,66.3,49.6,6.3,95.6,75.3,54.2,Kharif,121.8,5.47
Rice,28.3,228.0,61.7,61.8,6.1,86.6,47.0,58.3,Kharif,365.7,5.22
Rice,32.8,253.4,65.8,31.5,6.7,83.8,75.8,31.8,Kharif,116.9,4.82
Rice,29.6,221.5,51.6,64.1,7.2,101.3,33.8,56.6,Kharif,233.7,5.17
Rice,33.9,252.8,72.3,57.3,5.9,97.1,50.8,33.5,Kharif,125.2,5.23
Rice,31.8,237.9,59.3,36.6,6.3,71.9,69.7,76.0,Kharif,308.7,5.31
Rice,29.4,232.6,53.9,46.3,7.0,66.4,50.1,62.3,Kharif,389.9,4.67
Rice,33.0,242.3,69.1,56.4,5.7,82.3,32.3,70.4,Kharif,290.4,5.15
Rice,33.1,229.8,59.2,48.7,5.9,51.3,67.7,76.6,Kharif,152.7,4.88
Rice,34.2,214.9,69.1,55.2,5.8,44.0,32.2,66.6,Kharif,278.1,4.57
Rice,29.9,217.9,59.5,32.5,6.2,94.4,41.2,50.3,Kharif,361.0,4.87
Rice,28.5,259.7,76.5,65.0,7.3,47.0,50.0,47.5,Kharif,240.2,4.67
Rice,32.4,208.3,78.3,49.7,7.0,118.6,55.9,73.5,Kharif,235.7,5.42
Rice,31.2,200.8,58.7,44.2,6.5,103.1,39.9,40.8,Kharif,212.9,4.77
Rice,32.6,233.7,66.1,52.6,7.0,63.3,49.4,41.6,Kharif,345.1,4.71
Rice,34.8,204.0,61.9,31.9,7.2,96.5,66.9,55.4,Kharif,280.4,5.13
Rice,28.5,213.1,68.0,67.6,5.7,97.9,70.0,67.8,Kharif,296.5,5.57
Rice,34.7,244.6,51.7,57.6,6.2,70.8,44.9,40.5,Kharif,146.4,4.77
Rice,30.6,239.4,55.3,39.4,6.7,57.3,32.1,66.3,Kharif,128.0,4.57
Rice,30.9,213.2,65.1,63.5,6.2,106.4,36.8,70.7,Kharif,131.0,5.21
Rice,34.1,228.9,67.5,61.5,5.6,106.0,79.9,50.7,Kharif,150.3,5.29
Rice,31.5,239.1,50.5,35.5,7.1,66.4,73.0,73.4,Kharif,127.9,5.24
Rice,28.2,217.4,56.2,49.4,7.4,116.8,59.6,62.0,Kharif,393.0,5.42
Rice,32.4,214.6,62.0,37.8,6.8,56.6,57.9,62.5,Kharif,306.9,4.78
Rice,29.8,233.0,63.7,51.8,6.5,75.2,35.4,43.6,Kharif,191.0,4.8
Rice,30.2,221.7,63.5,36.1,7.3,111.7,77.2,58.9,Kharif,122.3,5.42
Rice,29.9,213.4,73.3,39.8,5.6,96.5,78.2,75.9,Kharif,152.0,5.34
Rice,33.0,208.6,78.0,34.3,7.2,79.6,70.8,65.5,Kharif,319.7,5.12
Rice,30.7,229.4,70.5,68.6,7.4,102.5,79.0,40.7,Kharif,228.3,5.51
Rice,32.7,256.2,57.5,39.5,7.1,81.7,53.0,38.3,Kharif,316.8,4.89
Rice,29.6,235.2,60.7,63.5,7.1,70.8,56.5,35.6,Kharif,199.8,4.86
Rice,34.7,240.1,64.3,49.6,6.8,112.0,61.5,31.6,Kharif,235.3,5.3
Rice,31.3,251.0,72.6,54.1,6.8,76.3,65.5,74.3,Kharif,355.0,5.17
Rice,33.4,213.6,68.0,66.9,6.1,87.8,54.6,51.0,Kharif,241.9,5.06
Rice,33.1,236.0,77.1,33.5,6.7,90.5,67.2,73.7,Kharif,192.9,5.1
Rice,34.5,253.3,78.7,40.8,7.3,110.2,58.7,38.6,Kharif,288.8,5.16
Rice,30.6,226.9,57.0,44.8,6.6,116.3,76.3,58.7,Kharif,102.7,5.41
Rice,32.1,206.3,74.1,64.1,6.8,78.9,42.5,50.3,Kharif,395.3,4.78
Rice,34.0,222.7,53.1,38.4,5.6,108.3,52.0,45.0,Kharif,234.8,5.12
Rice,34.3,236.7,63.6,51.9,7.3,110.0,53.5,64.7,Kharif,202.2,5.5
Rice,28.8,238.0,78.0,35.9,6.9,108.0,54.2,76.7,Kharif,193.1,5.29
Rice,30.1,244.5,53.5,55.3,5.5,87.0,73.7,46.3,Kharif,261.8,5.35
Rice,32.1,233.5,62.3,48.7,5.8,91.0,35.7,60.5,Kharif,245.4,4.89
Rice,31.8,205.6,75.9,54.7,6.7,62.1,62.3,43.7,Kharif,116.8,4.64
Rice,28.8,253.1,65.4,38.4,6.7,94.0,63.4,62.7,Kharif,206.4,5.56
Rice,32.3,216.0,72.4,51.7,7.0,101.0,63.7,69.9,Kharif,266.8,5.39
Rice,31.2,206.4,54.7,30.6,5.8,49.3,51.4,42.3,Kharif,205.1,4.44
Rice,30.2,217.6,61.4,30.8,5.9,67.9,74.9,50.6,Kharif,132.0,4.74
Rice,28.4,237.1,59.5,68.2,5.7,68.6,40.7,37.6,Kharif,178.7,4.66
Rice,33.8,224.2,69.6,51.0,6.2,99.4,54.7,41.8,Kharif,206.2,4.87
Rice,30.2,210.4,75.4,41.5,7.0,119.0,53.8,44.5,Kharif,107.0,5.27
Rice,31.9,201.0,50.9,30.5,6.4,46.5,31.1,33.1,Kharif,100.4,4.17
Rice,31.8,226.7,71.5,54.6,7.3,112.8,59.7,35.8,Kharif,397.5,5.31
Rice,29.4,236.3,51.8,60.7,6.8,118.8,66.2,64.3,Kharif,288.7,5.71
Rice,32.5,259.9,55.8,34.5,6.9,93.4,48.5,54.3,Kharif,282.6,5.14
Rice,34.9,221.7,59.7,49.0,7.5,41.7,32.7,39.6,Kharif,152.6,4.26
Rice,33.5,232.3,62.7,44.1,6.3,106.9,48.2,31.3,Kharif,136.9,5.11
Rice,31.9,246.7,66.6,67.6,7.1,63.8,53.0,46.2,Kharif,382.5,4.93
Rice,29.4,216.3,78.9,61.8,7.2,100.1,55.8,54.1,Kharif,360.6,5.06
Rice,34.5,203.2,71.1,55.3,6.9,93.2,30.5,64.4,Kharif,192.7,4.96
Rice,28.3,209.2,70.4,64.0,5.7,64.7,55.4,75.9,Kharif,235.3,5.03
Rice,30.2,242.4,54.4,42.1,6.5,78.9,30.5,68.6,Kharif,385.4,5.11
Rice,31.5,213.1,56.5,51.9,7.2,45.7,69.3,71.7,Kharif,166.5,4.82
Rice,31.3,260.0,71.0,43.7,5.5,114.0,35.0,51.4,Kharif,239.0,5.33
Rice,30.2,205.7,50.3,51.3,7.1,56.1,56.9,45.7,Kharif,294.4,4.67
Rice,31.1,203.0,51.6,61.3,7.2,101.9,42.1,76.0,Kharif,193.9,5.27
Rice,31.7,239.6,53.0,47.2,5.7,90.9,75.3,74.7,Kharif,167.3,5.46
Rice,29.5,240.1,50.4,50.3,5.6,48.5,43.2,54.2,Kharif,204.1,4.67
Rice,32.5,204.6,64.8,41.4,6.5,117.7,31.6,39.7,Kharif,102.1,5.07
Rice,33.1,211.8,74.8,57.0,7.1,98.4,75.8,74.0,Kharif,237.9,5.31
Rice,30.5,243.6,66.9,64.0,5.7,117.6,72.6,46.2,Kharif,296.6,5.65
Rice,31.9,208.1,74.5,68.0,6.3,117.1,59.7,41.4,Kharif,358.0,5.33
Rice,30.2,235.7,68.0,56.4,7.4,76.0,62.5,45.9,Kharif,152.6,5.12
Rice,28.9,219.0,54.2,49.6,5.6,41.7,79.9,46.0,Kharif,295.2,4.54
Rice,30.8,256.1,76.7,52.1,6.3,44.9,55.4,57.2,Kharif,280.9,4.89
Rice,31.7,256.4,60.9,43.3,6.3,58.4,52.3,35.7,Kharif,199.1,4.87
Rice,30.0,251.7,54.2,45.9,6.3,41.7,38.6,41.1,Kharif,295.5,4.41
Rice,30.4,256.7,70.7,48.0,5.7,84.4,76.1,33.7,Kharif,133.4,5.19
Rice,28.2,218.8,56.7,56.3,6.6,99.8,41.3,67.6,Kharif,201.5,5.2
Rice,32.0,217.2,61.0,52.7,6.4,112.5,47.2,43.0,Kharif,182.2,5.18
Rice,31.2,214.1,51.2,40.2,7.2,96.7,46.3,66.3,Kharif,104.3,5.17
Rice,29.1,210.6,51.7,42.5,6.9,67.2,30.3,59.9,Kharif,340.8,4.69
Rice,32.5,220.1,65.2,34.9,6.8,41.8,69.8,55.2,Kharif,287.5,4.6
Rice,34.7,226.3,77.0,50.6,6.8,119.3,58.2,72.9,Kharif,355.4,5.46
Rice,28.1,208.4,60.6,34.6,5.7,69.9,57.0,39.8,Kharif,169.3,4.63
Rice,34.5,222.4,76.2,55.8,6.6,42.7,31.2,58.7,Kharif,341.9,4.45
Rice,32.0,218.2,52.4,58.9,6.8,70.1,78.7,76.9,Kharif,353.6,5.34
Rice,33.5,250.4,79.6,64.7,7.2,51.4,52.1,51.6,Kharif,386.1,4.78
Rice,31.1,241.4,69.9,56.8,6.0,88.3,79.4,45.3,Kharif,171.4,5.4
Rice,34.1,239.3,69.5,43.4,5.7,113.0,75.9,64.0,Kharif,155.7,5.55
Rice,32.0,220.1,62.9,48.5,6.1,53.9,42.3,56.3,Kharif,251.7,4.57
Rice,30.1,249.0,51.3,62.8,5.9,86.4,76.1,67.5,Kharif,316.8,5.4
Rice,34.9,204.9,76.1,58.7,7.0,97.2,37.2,63.9,Kharif,126.7,5.06
Rice,31.9,229.9,55.4,31.2,5.8,100.2,44.7,42.3,Kharif,397.3,4.99
Rice,28.3,215.1,62.7,44.2,6.1,56.4,31.5,45.1,Kharif,189.2,4.52
Rice,33.5,244.3,63.5,52.6,7.3,107.7,54.1,44.9,Kharif,349.4,5.3
Rice,34.8,229.0,51.6,44.8,5.7,85.5,57.8,62.9,Kharif,197.7,5.09
Rice,32.0,226.5,69.7,67.4,5.9,41.8,64.2,34.2,Kharif,391.5,4.58
Rice,29.3,207.7,51.7,42.6,6.8,79.5,40.2,70.2,Kharif,382.9,4.93
Rice,34.4,204.8,56.0,32.3,6.4,86.7,78.1,55.1,Kharif,209.5,5.16
Rice,28.5,245.2,64.1,65.1,5.7,95.8,49.7,44.6,Kharif,335.0,5.21
Rice,29.3,218.3,63.9,41.2,6.7,86.4,68.2,46.5,Kharif,277.6,5.06
Rice,33.9,221.4,55.2,33.7,7.4,72.0,33.4,77.3,Kharif,168.6,4.71
Rice,31.4,207.8,75.9,49.8,5.8,47.2,79.9,46.2,Kharif,382.2,4.81
Rice,34.1,258.2,57.8,51.0,6.9,78.0,53.2,45.0,Kharif,394.5,4.99
Rice,31.0,222.1,50.1,54.5,6.2,95.3,50.2,40.7,Kharif,119.1,5.16
Rice,34.7,248.7,60.5,65.0,6.0,82.7,62.4,58.5,Kharif,377.1,5.12
Rice,30.2,252.9,58.5,59.9,6.4,116.3,70.6,58.2,Kharif,168.4,5.69
Rice,29.1,238.2,64.3,34.3,6.2,53.5,68.8,68.7,Kharif,228.3,4.87
Rice,33.0,250.8,75.4,47.9,6.2,114.1,58.7,69.7,Kharif,108.9,5.58
Rice,32.2,216.4,60.7,37.2,7.1,116.4,72.5,52.5,Kharif,168.0,5.48
Rice,31.4,209.6,57.5,49.5,6.4,98.6,73.4,56.3,Kharif,258.8,5.28
Rice,29.3,205.6,65.4,37.5,6.2,96.5,35.1,32.5,Kharif,272.2,4.78
Rice,29.4,243.6,51.1,59.9,6.9,58.9,74.5,71.1,Kharif,126.0,5.27
Rice,34.5,225.9,75.5,39.3,6.1,101.4,33.5,42.9,Kharif,196.2,4.77
Rice,34.4,253.6,50.1,52.3,5.7,89.1,45.8,64.9,Kharif,102.9,5.16
Rice,32.2,207.6,54.0,64.4,7.2,84.4,73.1,47.1,Kharif,313.5,5.09
Rice,28.9,226.8,57.6,69.9,7.0,92.4,67.3,45.3,Kharif,285.8,5.3
Rice,33.8,244.0,57.6,65.3,6.2,106.9,49.6,70.8,Kharif,314.3,5.5
Rice,29.0,246.1,65.6,48.3,7.5,91.8,39.4,58.1,Kharif,172.8,4.87
Rice,31.9,231.5,52.0,53.2,5.5,43.0,48.0,34.8,Kharif,398.1,4.37
Rice,28.8,203.7,63.1,43.5,7.2,67.3,41.1,69.1,Kharif,200.4,4.9
Rice,31.9,254.4,63.5,41.4,7.0,73.4,31.6,31.0,Kharif,235.6,4.62
Rice,29.7,243.9,79.7,56.1,7.4,64.7,64.4,64.8,Kharif,115.2,5.06
Rice,33.8,233.5,72.7,40.2,6.4,47.3,52.1,62.8,Kharif,379.3,4.46
Rice,29.9,217.0,77.4,50.2,6.2,60.3,48.6,78.0,Kharif,131.2,4.95
Rice,29.6,252.1,57.5,68.9,6.1,109.9,38.8,36.6,Kharif,216.7,5.1
Rice,30.0,211.8,74.0,59.8,6.2,89.5,40.6,57.9,Kharif,352.9,5.04
Rice,33.1,242.3,54.9,47.4,6.3,90.7,37.5,50.2,Kharif,146.4,5.0
Rice,32.9,210.9,64.8,32.5,6.9,76.2,54.3,77.9,Kharif,318.3,5.0
Rice,29.4,204.5,60.1,38.7,7.0,55.7,52.5,44.2,Kharif,199.4,4.45
Rice,30.1,242.2,63.5,38.4,6.6,73.3,54.9,65.3,Kharif,309.4,5.02
Rice,31.3,215.1,63.8,68.3,6.2,63.0,59.8,38.7,Kharif,121.6,4.83
Rice,29.3,234.5,64.0,69.3,6.9,50.4,62.2,63.0,Kharif,265.0,5.17
Rice,33.8,249.8,73.0,42.2,6.8,66.1,68.8,41.9,Kharif,305.2,4.79
Rice,28.9,237.5,74.7,62.2,6.7,83.8,78.6,68.6,Kharif,195.5,5.49
Rice,33.3,239.6,68.3,31.2,6.6,58.6,58.7,64.1,Kharif,133.4,4.72
Rice,34.1,215.6,55.9,35.8,6.7,74.8,46.0,73.2,Kharif,103.7,4.91
Rice,31.3,232.5,72.1,57.0,7.0,90.0,67.8,57.7,Kharif,177.6,5.12
Rice,34.7,258.2,58.0,35.6,6.4,91.6,67.8,70.1,Kharif,386.5,5.28
Rice,34.2,201.7,60.6,52.7,7.5,56.4,49.5,58.3,Kharif,283.6,4.61
Rice,34.8,229.8,73.3,49.9,7.4,44.2,79.6,34.0,Kharif,255.3,4.82
Rice,32.3,208.1,56.6,31.9,6.3,118.5,52.2,70.1,Kharif,169.3,5.19
Rice,34.7,222.1,51.3,39.9,5.7,81.2,52.5,48.5,Kharif,184.2,4.89
Rice,30.1,250.5,51.9,30.4,6.7,109.1,70.3,39.5,Kharif,227.7,5.35
Rice,31.9,254.1,74.2,43.3,6.7,70.4,47.0,59.9,Kharif,311.5,4.83
Rice,33.3,210.5,68.8,34.8,7.4,89.7,53.3,53.8,Kharif,355.5,5.15
Rice,30.8,230.7,74.7,37.9,7.4,72.6,32.1,36.3,Kharif,327.3,4.62
Rice,30.6,207.5,69.0,66.0,6.7,108.3,59.0,73.5,Kharif,151.6,5.55
Rice,31.0,240.0,72.5,40.1,6.8,99.6,65.1,50.0,Kharif,204.3,5.2
Rice,34.7,213.1,66.8,56.2,7.2,46.7,74.5,77.3,Kharif,151.6,5.03
Rice,28.6,245.1,59.0,60.5,7.4,103.1,57.2,50.0,Kharif,341.6,5.41
Rice,28.2,228.0,64.8,47.4,6.5,90.3,42.8,57.3,Kharif,271.0,5.17
Rice,33.8,229.8,61.3,44.7,6.4,75.7,36.1,77.7,Kharif,307.3,4.95
Rice,32.2,225.6,54.9,31.1,6.6,51.4,52.5,79.5,Kharif,384.2,4.64
Rice,30.2,229.3,63.8,66.0,6.6,74.3,66.9,35.7,Kharif,321.6,4.97
Rice,32.7,247.5,63.3,68.9,6.9,74.4,56.2,30.8,Kharif,197.6,4.85
Rice,29.4,259.3,65.7,41.6,7.4,71.5,33.3,76.5,Kharif,266.1,5.1
Rice,29.3,218.7,64.7,38.7,7.1,67.0,52.8,76.6,Kharif,105.9,4.98
Rice,28.9,254.6,61.1,57.1,6.5,92.5,67.4,31.4,Kharif,163.4,5.25
Rice,29.8,241.2,71.1,61.8,6.9,44.7,79.1,31.3,Kharif,211.9,4.8
Rice,28.0,238.9,75.2,50.5,7.5,85.8,39.5,32.0,Kharif,227.7,4.73
Rice,30.0,214.3,52.4,66.9,6.6,57.8,37.2,66.6,Kharif,259.3,4.87
Rice,31.9,208.1,58.3,56.1,5.8,45.7,32.0,64.3,Kharif,347.6,4.48
Rice,30.3,207.0,79.8,68.1,6.4,64.9,64.1,70.5,Kharif,123.2,5.05
Rice,29.9,252.9,79.9,48.5,5.8,59.2,40.5,61.7,Kharif,256.0,4.78
Rice,29.5,251.3,65.3,56.0,7.5,111.9,67.5,55.2,Kharif,220.3,5.63
Rice,31.3,236.8,70.1,32.0,5.8,94.1,44.8,41.2,Kharif,111.1,4.91
Rice,28.7,254.5,66.5,30.1,5.6,57.7,53.3,38.3,Kharif,108.5,4.6
Rice,29.9,226.0,60.5,50.8,5.9,95.4,76.2,34.1,Kharif,386.5,5.11
Rice,29.0,222.6,57.6,34.8,6.9,86.0,48.4,42.7,Kharif,293.6,4.79
Rice,32.7,228.6,73.5,47.2,6.9,91.8,48.0,57.4,Kharif,240.6,5.13
Rice,31.8,230.4,79.9,48.2,7.0,115.0,74.7,73.9,Kharif,183.7,5.78
Rice,34.6,218.9,56.1,47.6,6.8,109.9,71.6,76.0,Kharif,138.4,5.58
Rice,33.3,205.9,65.8,43.7,6.8,40.3,68.5,65.8,Kharif,392.7,4.7
Rice,28.1,227.7,57.4,30.4,7.4,93.2,65.4,60.5,Kharif,211.8,5.04
Rice,29.6,239.0,65.5,31.9,5.6,79.7,63.0,54.4,Kharif,277.9,5.03
Rice,30.4,222.2,69.5,50.2,6.5,85.1,34.7,71.8,Kharif,269.8,4.94
Rice,30.7,214.7,76.5,51.6,6.7,52.7,33.0,78.0,Kharif,387.5,4.7
Rice,33.1,250.6,65.8,51.0,5.5,79.4,47.0,39.1,Kharif,291.6,4.74
Maize,28.0,111.5,75.1,34.1,6.9,116.5,50.5,49.9,Kharif,321.5,6.69
Maize,27.7,104.0,55.8,68.9,6.3,84.6,55.4,65.9,Kharif,393.3,6.64
Maize,26.1,92.9,77.4,58.0,7.0,47.9,37.4,38.6,Kharif,237.0,5.55
Maize,27.7,101.8,59.0,65.7,5.9,78.4,61.8,52.1,Kharif,259.3,6.07
Maize,26.1,102.7,65.2,58.2,7.2,98.5,66.6,45.8,Kharif,126.0,6.73
Maize,26.0,108.7,53.8,53.1,6.6,58.9,54.0,55.0,Kharif,282.5,5.79
Maize,26.8,107.2,62.6,55.8,6.0,116.6,36.0,33.1,Kharif,186.6,6.29
Maize,26.8,95.8,63.5,50.4,6.6,106.7,65.7,72.8,Kharif,296.1,6.75
Maize,29.5,97.4,69.4,66.7,6.4,84.5,47.5,39.6,Kharif,396.6,6.36
Maize,27.2,112.3,76.2,40.5,6.2,50.9,38.1,46.4,Kharif,348.1,5.55
Maize,29.8,103.3,53.7,54.6,7.2,74.5,70.9,72.5,Kharif,289.3,6.38
Maize,28.4,118.2,58.9,66.9,6.2,45.0,49.3,47.4,Kharif,266.1,5.97
Maize,28.7,101.8,62.0,69.4,7.1,78.5,64.8,79.1,Kharif,297.1,6.67
Maize,27.2,106.6,50.3,44.4,6.3,65.2,78.0,63.5,Kharif,221.5,6.38
Maize,28.9,107.5,71.5,64.7,6.9,87.5,43.0,41.0,Kharif,383.8,6.35
Maize,27.2,107.0,53.1,60.3,5.8,57.9,53.3,55.4,Kharif,327.4,5.79
Maize,25.3,92.7,71.1,42.1,5.5,47.9,57.7,74.9,Kharif,369.4,5.95
Maize,27.5,94.4,66.3,49.5,5.8,54.7,69.3,49.8,Kharif,229.4,5.82
Maize,26.8,108.6,75.1,40.6,5.9,63.6,44.0,60.0,Kharif,260.8,5.96
Maize,26.3,101.0,71.6,41.3,5.9,48.8,53.1,76.4,Kharif,251.9,6.01
Maize,28.4,93.5,50.1,50.4,7.5,79.6,65.8,61.8,Kharif,180.0,6.53
Maize,28.8,113.6,62.8,52.1,6.2,41.7,63.0,79.9,Kharif,374.8,6.25
Maize,29.4,102.1,73.4,33.1,7.3,71.6,37.4,76.4,Kharif,398.6,6.05
Maize,25.6,119.7,63.2,60.6,7.5,89.1,38.9,35.2,Kharif,285.9,6.11
Maize,29.4,112.1,63.2,38.3,7.3,51.1,68.6,54.4,Kharif,248.4,5.86
Maize,26.2,100.7,78.1,53.3,6.2,64.7,35.1,71.7,Kharif,235.8,6.25
Maize,27.5,113.5,52.6,39.5,5.6,111.6,78.2,60.6,Kharif,314.3,7.13
Maize,26.2,94.8,73.4,60.5,7.2,49.1,53.7,51.4,Kharif,377.3,6.0
Maize,25.9,106.0,52.4,42.8,6.0,57.0,76.9,69.8,Kharif,272.7,6.31
Maize,29.1,90.0,51.6,47.3,6.4,98.6,49.5,61.9,Kharif,316.4,6.31
Maize,29.8,114.3,54.0,61.4,6.6,74.7,50.7,30.5,Kharif,237.2,6.12
Maize,25.5,98.6,56.6,61.1,7.3,81.9,54.2,62.6,Kharif,350.2,6.37
Maize,26.7,97.0,65.8,38.4,6.7,102.3,54.8,77.7,Kharif,394.8,6.54
Maize,26.5,97.3,67.2,42.8,6.7,51.8,45.0,72.5,Kharif,294.7,5.84
Maize,29.1,104.3,70.0,47.7,6.7,62.1,52.0,67.3,Kharif,361.3,5.99
Maize,28.6,97.3,68.1,33.8,7.3,53.1,37.0,68.4,Kharif,330.0,5.71
Maize,25.9,105.9,58.3,49.8,6.5,102.3,37.9,71.2,Kharif,235.6,6.51
Maize,26.5,110.3,63.3,58.6,7.3,54.3,51.5,59.8,Kharif,163.6,6.05
Maize,27.4,106.9,78.6,34.4,6.0,44.7,31.0,59.5,Kharif,398.5,5.44
Maize,28.7,101.4,59.7,38.4,7.0,85.9,30.7,35.6,Kharif,365.4,5.72
Maize,28.4,111.1,66.7,48.0,7.1,73.5,58.3,70.2,Kharif,192.3,6.34
Maize,28.2,115.9,58.6,66.1,7.4,78.6,68.1,30.4,Kharif,260.5,6.23
Maize,29.9,91.8,77.9,34.4,5.8,54.7,57.7,31.5,Kharif,304.9,5.37
Maize,25.3,91.4,73.9,52.5,6.0,107.4,67.6,65.6,Kharif,167.9,6.93
Maize,26.4,99.2,67.1,35.3,6.3,91.1,77.0,40.6,Kharif,227.1,6.16
Maize,27.0,97.7,78.4,67.4,7.2,117.0,55.4,64.7,Kharif,355.7,6.84
Maize,29.6,108.8,73.7,36.2,6.7,74.6,57.8,31.2,Kharif,221.8,6.02
Maize,27.8,94.4,79.1,55.5,6.1,54.8,74.2,60.9,Kharif,398.1,6.04
Maize,25.6,117.6,56.5,51.8,6.3,83.5,68.9,43.0,Kharif,257.8,6.4
Maize,28.9,106.6,65.6,31.9,6.9,46.0,78.6,69.4,Kharif,135.4,6.1
Maize,29.3,97.9,64.4,55.9,6.1,110.0,50.1,70.2,Kharif,144.9,6.66
Maize,27.8,93.2,75.7,46.5,5.8,78.7,31.1,66.4,Kharif,250.6,5.83
Maize,29.5,110.6,72.2,45.7,6.6,49.5,44.7,76.5,Kharif,117.8,5.96
Maize,30.0,109.9,71.9,34.2,5.6,109.6,35.8,70.7,Kharif,162.8,6.47
Maize,28.5,92.7,68.1,37.7,6.7,92.6,48.4,74.5,Kharif,224.0,6.59
Maize,29.2,93.0,72.6,45.1,5.6,78.8,30.0,63.0,Kharif,134.0,6.09
Maize,26.8,103.7,75.7,57.5,5.5,73.2,46.9,68.0,Kharif,315.5,6.43
Maize,28.1,119.8,62.2,41.2,5.6,40.7,44.1,32.4,Kharif,172.3,5.32
Maize,26.2,105.2,65.5,66.0,7.1,43.1,39.5,61.6,Kharif,351.7,5.84
Maize,29.3,102.4,64.4,49.3,6.2,116.5,41.9,63.1,Kharif,332.6,6.76
Maize,29.4,114.7,66.4,42.1,6.2,88.1,55.6,51.1,Kharif,149.5,6.35
Maize,28.6,91.8,67.3,49.1,6.5,92.9,33.2,36.5,Kharif,361.5,5.85
Maize,27.2,115.2,51.6,61.9,6.9,42.9,65.2,54.3,Kharif,111.5,6.11
Maize,25.5,107.3,70.5,64.8,5.6,55.9,32.4,64.7,Kharif,365.9,5.98
Maize,26.6,108.2,69.0,48.7,6.2,63.8,44.1,77.4,Kharif,334.6,6.24
Maize,27.0,108.4,55.1,35.9,6.3,51.2,75.9,68.7,Kharif,285.3,6.08
Maize,26.0,94.6,50.5,47.6,5.5,45.2,53.5,38.0,Kharif,296.2,5.47
Maize,26.6,102.9,77.3,41.9,7.4,114.3,78.3,40.6,Kharif,251.6,6.78
Maize,27.2,117.0,65.9,33.6,7.0,81.8,74.0,73.6,Kharif,349.2,6.73
Maize,26.7,115.0,78.3,63.0,6.2,43.4,45.4,38.5,Kharif,134.7,5.86
Maize,27.0,117.6,54.4,57.0,6.6,97.5,53.8,51.1,Kharif,323.3,6.29
Maize,27.8,99.2,71.9,45.8,6.8,41.0,36.8,50.6,Kharif,249.8,5.5
Maize,27.1,95.8,60.3,67.1,5.9,90.3,61.8,30.9,Kharif,349.1,6.3
Maize,25.1,105.2,70.3,30.1,6.0,95.1,52.5,57.3,Kharif,241.4,6.19
Maize,27.6,90.3,74.8,32.9,7.0,74.5,69.4,77.8,Kharif,262.9,6.41
Maize,26.4,113.7,57.7,52.4,6.6,104.0,72.9,55.7,Kharif,393.5,6.88
Maize,28.7,114.8,66.8,44.8,7.1,88.6,66.7,46.0,Kharif,106.6,6.59
Maize,28.4,100.2,60.9,56.8,6.4,94.0,73.8,42.2,Kharif,353.1,6.38
Maize,25.5,99.8,65.0,45.6,7.5,92.6,41.3,41.1,Kharif,396.2,5.92
Maize,26.3,105.8,79.4,54.9,6.4,70.7,78.5,56.0,Kharif,216.1,6.57
Maize,28.1,109.2,67.5,42.0,6.5,53.4,34.0,57.3,Kharif,135.2,5.53
Maize,27.8,104.5,70.2,52.8,5.9,94.2,77.2,54.4,Kharif,379.2,6.67
Maize,26.5,112.1,52.0,39.6,5.8,106.6,78.6,47.0,Kharif,119.7,6.9
Maize,27.0,97.7,69.7,35.7,6.7,105.2,77.6,44.1,Kharif,179.3,6.46
Maize,26.3,96.3,52.5,34.9,6.9,60.2,65.5,69.7,Kharif,345.0,6.29
Maize,25.3,91.7,65.4,36.4,6.2,96.8,38.2,77.0,Kharif,280.6,6.42
Maize,28.7,108.2,62.4,55.4,5.9,100.0,67.8,41.9,Kharif,101.2,6.47
Maize,26.9,112.8,73.6,32.1,6.7,75.7,49.3,30.4,Kharif,203.7,5.95
Maize,26.7,105.6,75.1,64.3,6.9,72.5,73.7,31.1,Kharif,234.8,6.19
Maize,29.1,95.0,56.2,37.5,5.7,79.3,77.4,49.1,Kharif,223.1,6.11
Maize,26.3,91.4,63.5,39.2,6.1,103.0,61.1,55.9,Kharif,229.0,6.49
Maize,27.9,118.5,79.7,55.4,6.2,58.7,46.3,39.0,Kharif,394.5,5.83
Maize,29.6,104.9,57.4,45.3,6.0,71.1,61.2,30.4,Kharif,148.3,5.89
Maize,25.4,104.9,76.7,40.2,6.7,71.5,78.7,62.8,Kharif,222.8,6.19
Maize,29.8,92.6,77.3,46.0,6.9,118.1,73.2,41.8,Kharif,341.6,6.7
Maize,28.7,108.8,51.9,31.5,6.3,81.2,36.3,41.9,Kharif,166.1,5.9
Maize,29.4,92.8,50.8,31.1,6.7,64.0,43.8,70.7,Kharif,268.5,5.88
Maize,28.1,91.1,60.5,69.8,6.6,56.1,60.3,45.4,Kharif,151.0,5.83
Maize,29.3,95.9,71.2,65.8,5.8,43.7,44.1,68.6,Kharif,329.6,5.96
Maize,28.2,108.5,63.8,54.2,5.5,68.2,55.0,78.4,Kharif,329.4,6.34
Maize,28.6,91.2,55.9,49.3,7.4,63.6,70.7,56.3,Kharif,329.9,6.23
Maize,26.4,108.2,52.0,36.5,6.6,66.3,43.7,36.2,Kharif,393.8,5.78
Maize,28.8,107.3,52.2,47.9,6.7,81.4,40.6,33.0,Kharif,174.4,5.81
Maize,27.2,100.5,57.7,34.8,6.6,104.1,46.1,63.3,Kharif,367.5,6.43
Maize,27.6,118.7,51.0,35.7,6.0,74.3,68.5,63.8,Kharif,386.3,6.43
Maize,25.2,99.2,68.0,47.0,6.1,66.4,40.2,66.5,Kharif,209.5,5.89
Maize,26.2,119.6,78.9,64.9,7.0,48.9,57.3,46.9,Kharif,151.3,6.18
Maize,25.0,116.1,61.5,30.3,6.6,58.6,31.8,51.1,Kharif,376.3,5.72
Maize,25.6,98.2,55.4,31.0,7.3,65.4,42.3,69.0,Kharif,134.2,6.14
Maize,25.5,111.2,75.6,53.2,5.5,113.1,42.6,34.2,Kharif,322.8,6.24
Maize,28.8,118.6,61.4,36.7,6.7,42.4,78.0,48.1,Kharif,376.1,6.05
Maize,26.1,118.6,59.0,56.2,5.7,45.8,59.8,57.1,Kharif,350.6,6.03
Maize,27.0,104.2,63.1,59.3,6.6,95.2,38.2,43.4,Kharif,135.2,6.35
Maize,29.5,118.5,54.2,58.1,5.6,85.7,40.3,34.1,Kharif,369.5,6.27
Maize,25.2,96.9,68.2,42.9,6.0,82.3,63.7,58.7,Kharif,305.7,6.36
Maize,27.3,95.2,75.5,53.0,7.0,47.4,39.3,69.9,Kharif,296.1,5.64
Maize,29.3,113.5,51.4,64.2,7.4,43.8,56.6,70.9,Kharif,399.8,5.98
Maize,28.9,101.2,61.1,46.6,5.5,87.0,32.5,40.1,Kharif,131.9,5.97
Maize,26.3,116.3,72.9,55.9,6.8,82.9,73.4,66.9,Kharif,393.7,6.93
Maize,30.0,98.0,51.2,67.4,6.8,117.1,68.8,41.3,Kharif,313.9,6.92
Maize,25.8,103.8,74.9,38.7,7.4,67.8,47.1,33.2,Kharif,126.9,5.63
Maize,28.6,97.8,69.2,49.8,6.6,101.7,69.9,48.3,Kharif,279.8,6.7
Maize,27.4,108.3,54.7,34.4,6.2,60.0,57.3,70.5,Kharif,110.0,6.14
Maize,28.4,103.3,75.1,68.7,7.4,49.2,37.3,59.9,Kharif,295.1,5.74
Maize,29.7,99.3,75.6,68.2,6.9,55.1,37.0,32.8,Kharif,307.0,5.62
Maize,26.8,116.7,64.9,68.6,5.8,64.1,38.7,64.2,Kharif,267.0,6.11
Maize,26.6,119.3,63.7,61.6,7.4,108.2,72.2,41.1,Kharif,392.9,6.96
Maize,26.2,93.2,75.6,40.8,5.7,46.0,54.5,60.8,Kharif,315.7,5.57
Maize,28.5,115.7,54.3,57.4,7.3,81.3,37.3,54.1,Kharif,109.7,6.2
Maize,26.5,115.8,58.4,56.1,6.5,69.7,37.7,35.1,Kharif,329.4,5.79
Maize,25.3,96.7,78.5,55.0,6.6,96.3,63.5,51.8,Kharif,254.0,6.53
Maize,29.4,108.4,60.6,49.7,6.2,75.8,40.9,38.3,Kharif,304.2,5.9
Maize,25.3,108.8,56.8,33.2,5.9,66.8,77.1,50.7,Kharif,133.9,6.25
Maize,25.1,102.6,58.7,65.2,5.9,43.2,65.5,74.8,Kharif,396.6,6.07
Maize,27.8,108.9,51.3,34.1,6.5,64.1,56.6,60.3,Kharif,373.5,5.85
Maize,28.5,99.3,53.9,40.9,6.3,91.8,59.1,47.1,Kharif,228.0,6.21
Maize,29.3,93.6,74.0,35.3,7.0,115.7,31.7,61.7,Kharif,354.4,6.24
Maize,27.0,118.7,74.7,58.0,7.2,59.6,40.0,58.1,Kharif,310.6,5.99
Maize,26.7,106.1,58.7,43.0,5.6,81.9,58.3,57.7,Kharif,394.3,6.33
Maize,27.2,91.3,77.9,67.5,6.6,85.5,43.0,74.3,Kharif,309.1,6.4
Maize,27.8,109.3,56.5,68.4,6.8,110.0,33.4,47.6,Kharif,360.8,6.29
Maize,28.5,90.0,76.8,43.4,6.9,60.8,75.8,43.9,Kharif,271.6,6.03
Maize,27.8,91.6,74.9,50.7,5.7,116.6,37.3,55.6,Kharif,163.6,6.39
Maize,26.8,96.4,71.1,64.8,7.3,56.0,65.9,75.3,Kharif,284.4,6.48
Maize,27.8,92.7,77.4,34.9,7.2,104.6,65.6,70.7,Kharif,182.0,6.52
Maize,26.9,112.3,62.8,45.3,5.7,112.6,76.4,48.3,Kharif,307.5,6.79
Maize,29.0,113.0,57.7,49.8,5.6,61.2,50.2,57.8,Kharif,266.9,6.07
Maize,28.8,119.0,52.8,62.8,6.6,98.3,72.3,54.3,Kharif,309.1,6.94
Maize,28.6,113.9,73.3,54.8,6.1,71.5,59.9,67.7,Kharif,120.0,6.45
Maize,27.8,116.1,58.2,63.5,6.3,63.7,69.1,68.5,Kharif,203.0,6.62
Maize,29.5,106.8,74.9,40.8,6.7,82.7,78.9,44.5,Kharif,212.9,6.53
Maize,29.7,92.7,60.8,69.6,6.2,75.1,45.9,38.9,Kharif,130.5,5.9
Maize,27.9,104.2,69.6,48.5,7.3,60.2,66.1,41.9,Kharif,296.8,5.79
Maize,26.2,105.4,74.7,38.0,6.7,47.0,55.6,78.4,Kharif,383.0,5.88
Maize,29.9,100.6,61.2,52.1,6.0,57.4,37.2,40.0,Kharif,309.0,5.73
Maize,29.4,99.6,59.7,51.9,6.1,95.9,73.4,66.7,Kharif,384.8,6.73
Maize,29.3,95.2,64.8,63.6,6.6,65.2,64.7,47.2,Kharif,262.5,6.11
Maize,28.7,111.1,53.5,66.4,7.1,81.0,72.5,61.2,Kharif,354.1,6.5
Maize,29.5,107.2,60.1,41.5,6.2,83.7,53.3,34.0,Kharif,231.2,6.07
Maize,29.5,90.6,70.4,61.4,6.8,71.6,38.2,36.4,Kharif,111.6,5.74
Maize,27.4,94.5,75.2,37.5,6.1,99.7,71.4,45.4,Kharif,181.0,6.51
Maize,27.6,97.3,78.2,51.3,6.5,119.3,65.6,71.6,Kharif,332.8,6.96
Maize,26.6,119.6,66.5,35.2,5.9,112.8,64.8,78.1,Kharif,212.1,6.84
Maize,28.6,114.6,72.2,69.6,7.0,70.5,73.7,68.0,Kharif,360.9,6.52
Maize,25.7,113.2,70.2,60.9,5.9,100.7,52.8,53.9,Kharif,150.1,6.6
Maize,28.3,108.5,53.8,42.1,6.7,53.4,76.1,62.2,Kharif,388.6,6.27
Maize,25.8,111.5,59.0,30.1,5.9,114.1,36.0,73.5,Kharif,254.1,6.78
Maize,28.9,118.8,71.6,69.6,5.7,106.6,47.8,33.3,Kharif,292.9,6.61
Maize,26.0,91.6,77.8,62.2,6.7,98.6,45.9,70.1,Kharif,242.2,6.47
Maize,27.4,95.6,69.0,49.4,5.6,101.2,52.9,45.6,Kharif,387.7,6.44
Maize,26.0,101.2,60.7,55.6,6.0,73.2,33.1,45.9,Kharif,107.0,5.86
Maize,28.7,93.8,67.7,50.1,6.3,50.3,30.7,45.8,Kharif,362.2,5.42
Maize,29.9,119.4,60.6,33.6,6.8,93.7,61.1,67.2,Kharif,371.7,6.48
Maize,25.0,113.6,54.8,64.1,7.0,89.1,57.6,70.4,Kharif,276.7,6.65
Maize,28.1,112.9,80.0,45.5,6.1,66.3,59.8,53.9,Kharif,270.3,6.13
Maize,27.7,113.4,66.4,37.8,5.8,108.1,32.9,75.8,Kharif,330.3,6.51
Maize,25.3,119.4,58.4,68.9,6.5,73.7,43.6,79.5,Kharif,250.0,6.44
Maize,27.9,109.9,68.5,50.3,6.6,79.1,46.2,33.9,Kharif,314.3,6.26
Maize,25.1,110.6,67.6,62.8,6.4,62.1,30.6,46.6,Kharif,121.7,5.64
Maize,28.5,96.3,73.0,54.3,6.9,52.8,41.0,59.5,Kharif,328.5,5.88
Maize,26.0,92.5,67.7,58.0,6.2,97.5,54.6,32.6,Kharif,319.3,6.2
Maize,26.5,95.3,79.1,51.5,6.7,89.4,46.0,44.4,Kharif,226.5,6.2
Maize,28.1,113.3,53.8,59.6,7.1,117.4,77.3,63.9,Kharif,196.8,7.26
Maize,25.4,106.3,76.0,68.2,6.7,84.3,77.7,48.6,Kharif,234.7,6.72
Maize,25.9,112.2,56.1,49.3,6.9,59.8,64.4,43.1,Kharif,147.9,5.93
Maize,28.4,109.2,70.9,41.7,5.9,67.9,39.5,37.0,Kharif,379.8,5.86
Maize,30.0,90.1,72.0,68.0,6.5,87.8,33.5,78.1,Kharif,157.7,6.47
Maize,28.9,118.0,59.4,42.9,6.1,110.7,49.4,35.4,Kharif,186.5,6.3
Maize,26.5,110.4,50.1,41.1,6.2,99.0,68.7,56.5,Kharif,386.5,6.66
Maize,28.1,114.5,53.6,39.6,6.0,107.6,31.3,59.5,Kharif,129.2,6.47
Maize,26.7,104.2,67.3,55.8,7.0,98.9,67.3,58.3,Kharif,334.2,6.66
Maize,25.2,107.0,67.0,60.5,5.9,90.0,65.6,73.5,Kharif,218.5,6.69
Maize,29.7,103.8,66.7,47.2,6.9,57.4,72.5,64.3,Kharif,316.4,6.16
Maize,26.0,95.6,69.5,49.9,5.5,101.0,79.7,57.9,Kharif,180.3,6.95
Maize,30.0,110.7,74.0,54.8,6.5,65.6,39.4,46.1,Kharif,216.7,5.69
Maize,28.1,102.9,74.1,35.4,7.3,51.5,51.4,36.1,Kharif,102.2,5.55
Maize,29.1,119.3,66.8,57.9,6.4,61.0,30.3,41.5,Kharif,300.8,5.74
Maize,27.4,98.7,51.2,59.8,6.6,109.8,71.8,79.9,Kharif,314.3,7.03
Maize,29.4,117.7,64.7,32.2,7.4,115.9,56.2,33.6,Kharif,366.0,6.29
Maize,29.5,91.6,63.3,31.4,7.2,58.0,45.3,66.3,Kharif,152.9,5.92
Cotton,28.6,90.1,66.8,30.4,7.3,45.9,36.4,53.6,Kharif,273.4,2.24
Cotton,29.9,91.8,60.4,66.4,7.2,46.0,35.0,74.3,Kharif,159.6,2.37
Cotton,31.7,88.8,68.2,54.5,6.1,44.1,69.0,44.4,Kharif,172.4,2.28
Cotton,28.9,89.0,60.3,33.3,7.5,89.9,68.3,47.1,Kharif,266.6,2.51
Cotton,31.2,88.9,61.7,39.9,7.0,52.3,74.7,53.4,Kharif,132.0,2.47
Cotton,28.5,77.5,52.0,42.0,6.5,74.4,52.9,35.7,Kharif,142.6,2.32
Cotton,31.0,86.9,59.7,45.5,6.6,60.4,75.9,75.2,Kharif,186.8,2.55
Cotton,32.9,88.8,66.4,57.3,6.0,112.4,46.0,59.8,Kharif,359.4,2.61
Cotton,32.4,97.8,58.3,33.1,7.3,104.8,49.5,39.6,Kharif,201.2,2.46
Cotton,29.3,87.5,76.3,54.6,7.0,101.5,74.0,38.9,Kharif,131.4,2.56
Cotton,32.0,97.2,68.7,50.2,5.9,63.4,70.3,46.6,Kharif,155.8,2.5
Cotton,32.5,93.8,59.2,41.0,5.7,110.7,78.6,72.7,Kharif,240.8,2.86
Cotton,30.1,83.1,57.6,66.8,6.7,62.7,43.7,55.4,Kharif,186.5,2.47
Cotton,31.5,87.8,61.9,56.0,6.8,40.6,38.4,51.5,Kharif,306.7,2.24
Cotton,28.9,92.1,59.7,46.5,7.4,61.7,60.0,46.3,Kharif,219.5,2.4
Cotton,28.9,99.4,68.6,63.3,5.6,115.5,54.3,53.8,Kharif,220.7,2.88
Cotton,28.0,91.7,71.4,56.3,5.9,88.0,52.8,74.5,Kharif,237.9,2.67
Cotton,30.4,81.7,53.4,43.1,7.0,56.3,39.6,49.8,Kharif,155.2,2.2
Cotton,32.0,84.0,60.6,68.7,7.1,113.8,47.3,72.1,Kharif,383.9,2.73
Cotton,32.8,80.6,62.7,30.5,7.3,77.2,55.2,70.7,Kharif,151.1,2.43
Cotton,31.8,75.7,50.7,34.8,5.7,83.7,69.2,68.6,Kharif,250.9,2.57
Cotton,28.5,81.8,64.3,57.6,6.0,95.5,64.4,77.4,Kharif,391.1,2.73
Cotton,28.4,80.2,55.7,34.5,5.5,51.6,66.9,48.3,Kharif,229.0,2.35
Cotton,28.6,85.3,77.8,57.7,7.0,92.7,37.0,59.2,Kharif,332.4,2.48
Cotton,30.5,94.9,77.6,47.9,6.8,98.5,68.3,57.4,Kharif,171.6,2.61
Cotton,29.1,79.8,60.1,67.2,6.1,103.4,50.0,67.5,Kharif,378.2,2.67
Cotton,28.9,92.6,51.8,64.8,7.3,81.8,75.9,48.8,Kharif,103.2,2.69
Cotton,32.5,79.0,78.1,35.5,6.4,105.7,40.3,68.4,Kharif,196.0,2.58
Cotton,31.2,92.6,51.4,36.2,7.3,87.9,63.5,36.8,Kharif,192.5,2.44
Cotton,28.4,87.6,63.2,63.9,7.3,74.2,45.3,64.9,Kharif,267.1,2.49
Cotton,30.3,90.6,57.5,50.6,6.3,106.0,50.3,53.6,Kharif,103.5,2.55
Cotton,32.3,87.4,73.9,40.7,7.0,90.6,78.7,50.1,Kharif,171.6,2.55
Cotton,31.8,81.0,61.5,55.0,6.3,108.8,79.0,69.7,Kharif,125.1,2.85
Cotton,28.4,75.2,54.2,63.4,7.1,52.5,37.4,52.9,Kharif,395.2,2.21
Cotton,31.2,87.0,61.1,63.5,7.1,99.5,64.1,42.7,Kharif,106.6,2.75
Cotton,29.3,93.3,54.4,41.3,6.0,119.5,71.7,70.7,Kharif,350.4,2.91
Cotton,28.8,86.8,62.3,47.9,6.1,90.0,50.9,40.6,Kharif,165.5,2.48
Cotton,31.6,81.8,56.4,43.1,5.9,117.7,39.7,42.3,Kharif,279.4,2.61
Cotton,32.9,84.9,60.0,58.2,6.3,45.9,33.3,68.0,Kharif,248.4,2.32
Cotton,30.6,92.8,59.2,54.5,7.5,99.1,40.0,31.9,Kharif,350.6,2.49
Cotton,28.3,89.4,79.2,47.9,5.9,80.2,64.5,37.5,Kharif,213.7,2.45
Cotton,32.2,97.0,70.1,69.1,5.5,79.4,50.9,51.1,Kharif,387.6,2.54
Cotton,30.2,87.5,53.6,36.6,5.6,88.6,39.0,65.8,Kharif,365.6,2.49
Cotton,28.2,80.4,79.3,33.1,6.0,91.5,35.8,68.8,Kharif,333.9,2.43
Cotton,29.0,91.9,75.3,53.7,7.0,69.2,72.5,37.7,Kharif,274.7,2.43
Cotton,28.3,83.1,56.3,42.2,5.6,52.4,30.1,79.3,Kharif,349.2,2.33
Cotton,28.7,92.6,74.1,47.3,6.3,74.9,76.0,40.4,Kharif,132.6,2.5
Cotton,28.7,97.7,53.2,50.9,6.0,115.1,75.7,49.0,Kharif,296.1,2.76
Cotton,29.0,98.6,52.8,36.8,6.5,106.7,35.2,63.8,Kharif,100.0,2.59
Cotton,28.3,98.0,73.4,56.3,7.1,98.6,77.5,66.8,Kharif,255.4,2.82
Cotton,32.3,96.8,76.7,69.8,6.7,112.6,75.1,44.8,Kharif,347.1,2.72
Cotton,28.2,78.5,57.2,43.8,6.0,107.9,68.5,78.8,Kharif,270.2,2.65
Cotton,30.3,93.6,73.5,58.3,6.9,86.3,51.9,64.0,Kharif,230.2,2.6
Cotton,30.3,86.0,50.4,54.6,7.5,75.8,64.0,34.9,Kharif,342.1,2.41
Cotton,28.3,89.6,62.3,32.9,6.7,65.8,69.5,78.9,Kharif,329.7,2.53
Cotton,32.4,83.6,75.2,42.5,5.9,63.5,70.6,59.3,Kharif,281.6,2.4
Cotton,29.8,87.7,57.3,39.0,5.8,86.4,65.6,41.0,Kharif,210.7,2.48
Cotton,28.7,76.6,70.8,44.8,5.7,99.9,70.1,57.4,Kharif,185.9,2.68
Cotton,30.8,83.1,60.9,34.2,6.0,104.1,42.5,65.3,Kharif,382.6,2.51
Cotton,29.6,83.9,51.5,43.0,6.2,76.9,63.7,39.4,Kharif,119.9,2.39
Cotton,28.3,95.5,66.9,68.6,6.4,74.6,33.6,50.4,Kharif,275.1,2.42
Cotton,29.1,76.6,79.7,54.0,6.0,87.0,42.9,72.0,Kharif,392.2,2.55
Cotton,28.6,84.2,60.7,31.5,6.8,75.8,73.9,34.5,Kharif,397.8,2.44
Cotton,31.5,84.4,69.9,60.2,6.0,80.0,48.9,72.2,Kharif,153.0,2.54
Cotton,28.1,92.8,76.2,59.6,6.2,42.7,75.7,66.4,Kharif,337.7,2.57
Cotton,29.7,97.1,52.8,53.9,7.5,101.4,34.0,65.9,Kharif,264.3,2.55
Cotton,30.5,96.5,60.3,56.5,6.6,116.2,31.9,38.0,Kharif,299.8,2.54
Cotton,32.0,83.9,71.6,43.4,6.2,97.1,35.1,72.8,Kharif,358.2,2.59
Cotton,28.4,77.6,51.4,69.8,6.7,101.5,37.2,76.6,Kharif,272.8,2.73
Cotton,32.5,77.1,59.8,52.5,6.4,114.4,79.8,35.7,Kharif,391.3,2.64
Cotton,29.6,98.4,51.7,68.6,6.9,78.5,54.9,56.5,Kharif,233.6,2.59
Cotton,32.0,77.5,73.2,50.8,6.5,52.6,32.1,69.3,Kharif,254.7,2.21
Cotton,30.7,84.3,65.0,32.9,5.9,66.1,31.8,62.8,Kharif,300.0,2.32
Cotton,29.0,90.5,55.8,59.8,6.4,42.9,53.9,71.9,Kharif,194.4,2.46
Cotton,30.2,79.4,58.5,58.3,6.4,42.3,60.9,63.6,Kharif,284.6,2.33
Cotton,32.0,82.2,74.5,50.6,5.6,112.3,55.6,31.5,Kharif,254.9,2.59
Cotton,28.3,78.4,57.4,68.6,6.5,61.9,54.2,30.0,Kharif,378.7,2.35
Cotton,30.5,79.1,60.0,53.7,6.9,80.6,57.3,36.5,Kharif,187.1,2.44
Cotton,29.7,78.9,51.6,64.0,6.0,114.6,70.9,53.5,Kharif,266.2,2.62
Cotton,32.1,75.2,75.9,41.4,6.6,110.3,69.3,58.9,Kharif,246.1,2.63
Cotton,31.0,95.5,71.1,44.3,5.5,53.9,54.0,47.3,Kharif,203.7,2.35
Cotton,29.7,98.6,51.6,63.0,6.9,46.0,66.8,62.1,Kharif,326.4,2.52
Cotton,32.6,79.9,65.4,30.6,6.2,116.4,74.9,30.3,Kharif,301.2,2.58
Cotton,32.8,91.1,51.9,61.1,6.4,54.0,69.4,75.6,Kharif,366.1,2.51
Cotton,28.1,82.1,74.0,49.7,6.4,67.3,49.8,54.0,Kharif,169.3,2.37
Cotton,30.1,87.9,66.7,61.6,7.3,112.5,46.8,70.1,Kharif,336.1,2.78
Cotton,30.8,76.6,59.7,38.1,7.3,117.0,64.9,68.6,Kharif,273.0,2.58
Cotton,31.6,80.4,52.3,31.1,5.9,58.5,56.8,59.6,Kharif,219.4,2.39
Cotton,32.3,77.3,57.5,44.7,6.9,96.7,72.2,67.5,Kharif,178.1,2.68
Cotton,31.7,81.4,67.5,61.1,7.2,90.1,67.1,44.6,Kharif,292.8,2.59
Cotton,28.0,88.5,62.4,67.9,7.2,98.8,74.5,61.3,Kharif,194.5,2.68
Cotton,29.5,93.8,53.2,54.8,6.4,69.5,79.3,35.0,Kharif,291.0,2.34
Cotton,32.6,96.2,71.5,41.1,5.7,61.6,59.1,48.4,Kharif,112.2,2.41
Cotton,31.4,93.9,57.4,31.9,6.3,108.9,65.9,56.1,Kharif,151.9,2.59
Cotton,30.0,100.0,76.2,42.3,5.8,113.0,45.1,71.8,Kharif,340.3,2.73
Cotton,30.9,89.0,63.5,30.8,6.2,42.3,42.1,73.0,Kharif,188.3,2.26
Cotton,29.6,98.3,60.3,55.0,6.5,84.4,33.5,47.7,Kharif,157.4,2.42
Cotton,32.3,79.5,56.8,47.2,7.3,53.8,76.6,44.1,Kharif,159.9,2.32
Cotton,31.6,75.1,51.2,66.8,7.4,51.9,40.0,75.4,Kharif,235.7,2.45
Cotton,29.2,91.8,59.5,50.7,7.2,73.7,72.7,67.6,Kharif,296.3,2.58
Cotton,29.1,89.9,69.9,38.9,5.8,66.1,76.2,73.1,Kharif,191.2,2.57
Cotton,31.3,92.3,52.9,37.7,6.3,55.3,36.9,50.1,Kharif,276.8,2.25
Cotton,29.8,78.0,79.0,33.0,7.1,73.7,79.9,69.2,Kharif,396.4,2.57
Cotton,31.7,78.1,50.0,66.8,5.6,105.1,76.0,48.1,Kharif,250.7,2.75
Cotton,32.2,95.9,56.8,68.1,7.4,52.9,68.5,60.3,Kharif,397.7,2.58
Cotton,28.7,75.4,68.9,30.6,6.6,105.0,71.4,54.3,Kharif,305.5,2.54
Cotton,30.5,95.5,74.2,58.6,7.0,57.8,42.0,53.8,Kharif,219.0,2.38
Cotton,31.9,77.5,63.8,66.8,6.3,84.1,32.7,32.8,Kharif,308.8,2.36
Cotton,30.7,78.0,57.3,41.0,6.8,72.2,47.2,51.1,Kharif,283.6,2.35
Cotton,32.1,89.5,73.9,34.3,6.4,114.9,49.6,33.6,Kharif,338.4,2.5
Cotton,31.8,80.8,78.8,69.0,7.4,47.7,76.6,52.8,Kharif,200.3,2.44
Cotton,32.1,87.1,67.8,69.8,5.7,74.6,58.3,42.7,Kharif,348.3,2.51
Cotton,32.0,98.2,62.0,49.6,5.9,111.1,38.1,51.4,Kharif,308.3,2.62
Cotton,32.9,89.6,68.6,63.7,6.2,110.3,37.5,56.0,Kharif,275.2,2.57
Cotton,29.4,90.7,54.1,53.4,7.4,108.0,58.2,75.2,Kharif,394.7,2.71
Cotton,28.8,94.6,53.8,47.8,7.1,118.8,60.6,37.9,Kharif,333.6,2.58
Cotton,31.9,82.7,60.6,59.5,7.0,106.3,44.4,42.2,Kharif,357.2,2.52
Cotton,31.9,88.0,55.2,46.3,7.2,88.0,42.2,42.4,Kharif,175.3,2.51
Cotton,32.1,94.1,65.9,47.2,7.1,46.8,70.9,55.5,Kharif,234.8,2.46
Cotton,31.5,86.2,63.0,31.7,6.0,46.1,37.4,34.3,Kharif,122.4,2.15
Cotton,31.3,82.1,65.3,34.9,6.4,59.9,48.5,32.7,Kharif,173.4,2.14
Cotton,29.2,86.2,74.4,42.5,6.4,105.6,59.2,67.8,Kharif,224.4,2.71
Cotton,30.3,79.1,72.7,61.4,6.9,78.5,41.7,45.6,Kharif,156.8,2.38
Cotton,31.4,75.2,76.4,52.1,5.7,75.5,53.5,43.1,Kharif,305.5,2.33
Cotton,28.5,88.3,66.6,49.0,6.1,69.7,34.7,67.6,Kharif,203.7,2.46
Cotton,28.3,88.9,50.1,50.6,5.9,88.2,36.5,30.1,Kharif,343.0,2.37
Cotton,31.7,84.4,77.9,38.1,6.7,55.6,42.3,61.5,Kharif,266.7,2.37
Cotton,30.3,87.7,77.2,53.3,6.5,62.1,39.5,78.1,Kharif,135.9,2.45
Cotton,30.8,86.9,58.7,39.1,7.4,111.9,43.3,44.0,Kharif,330.0,2.59
Cotton,28.6,90.7,67.0,37.1,6.3,87.8,60.3,48.4,Kharif,112.0,2.53
Cotton,30.1,82.4,78.2,45.1,5.7,69.1,78.7,35.6,Kharif,283.3,2.4
Cotton,30.3,89.8,51.8,67.8,7.5,119.8,35.7,64.8,Kharif,231.3,2.63
Cotton,28.4,82.0,80.0,48.6,7.1,108.7,42.5,38.7,Kharif,201.3,2.49
Cotton,32.0,78.2,59.1,68.3,7.5,67.0,64.0,58.4,Kharif,283.5,2.55
Cotton,30.6,99.8,54.1,38.4,7.2,93.5,55.3,77.6,Kharif,214.7,2.72
Cotton,32.9,90.2,75.6,35.0,7.3,45.2,54.4,57.4,Kharif,351.4,2.36
Cotton,30.7,92.7,52.0,51.4,7.4,109.6,62.3,70.1,Kharif,173.5,2.82
Cotton,29.3,79.5,66.5,64.9,7.5,77.1,34.9,57.0,Kharif,327.2,2.34
Cotton,31.5,93.6,70.0,30.4,6.2,115.4,48.1,76.3,Kharif,182.5,2.69
Cotton,32.8,93.3,56.2,55.3,7.1,96.7,55.4,50.6,Kharif,266.4,2.61
Cotton,28.6,78.1,65.8,69.9,7.2,43.1,63.8,50.2,Kharif,230.1,2.33
Cotton,30.5,90.5,65.8,34.6,6.2,47.8,42.3,76.4,Kharif,142.3,2.33
Cotton,30.8,76.7,75.4,47.8,6.9,46.0,52.7,71.9,Kharif,245.1,2.36
Cotton,28.9,88.7,59.6,47.0,7.2,60.8,54.9,57.0,Kharif,194.3,2.37
Cotton,31.1,83.5,60.1,35.7,7.1,73.0,52.3,51.3,Kharif,387.2,2.33
Cotton,28.6,95.3,61.0,59.1,6.3,117.4,63.4,36.1,Kharif,207.0,2.71
Cotton,30.3,81.8,63.1,63.9,6.2,101.6,53.6,59.4,Kharif,341.1,2.61
Cotton,32.9,79.9,59.0,60.0,6.0,49.9,66.7,44.7,Kharif,265.2,2.36
Cotton,32.3,85.4,72.9,61.6,6.1,40.2,44.2,50.4,Kharif,331.6,2.28
Cotton,29.5,94.1,76.8,64.1,6.2,107.9,34.2,40.4,Kharif,375.4,2.44
Cotton,29.0,89.4,68.7,50.5,7.0,80.2,41.4,35.3,Kharif,396.6,2.32
Cotton,31.0,91.8,73.2,60.9,5.5,115.1,44.3,61.8,Kharif,305.3,2.68
Cotton,32.9,83.8,59.0,45.3,6.9,85.9,47.1,60.7,Kharif,347.0,2.45
Cotton,29.2,79.3,68.3,62.5,5.6,42.3,65.8,39.6,Kharif,357.9,2.3
Cotton,28.5,99.8,58.9,44.0,5.8,49.5,57.1,53.1,Kharif,160.8,2.37
Cotton,30.3,86.8,56.7,37.5,7.2,84.9,35.6,42.0,Kharif,276.9,2.41
Cotton,31.9,96.8,50.1,46.5,6.9,47.8,37.9,33.4,Kharif,137.0,2.21
Cotton,28.6,82.3,64.9,46.9,6.4,59.5,50.2,66.7,Kharif,369.8,2.34
Cotton,29.4,98.7,52.0,64.5,5.8,55.4,43.7,31.2,Kharif,166.0,2.39
Cotton,31.6,85.6,64.1,33.8,6.5,87.8,65.1,60.4,Kharif,184.1,2.56
Cotton,28.0,88.0,77.1,54.7,7.5,92.6,30.1,35.2,Kharif,156.9,2.49
Cotton,30.9,91.5,52.3,47.8,6.2,83.4,70.8,61.3,Kharif,394.7,2.57
Cotton,33.0,85.1,72.7,56.0,7.3,113.0,36.2,59.3,Kharif,253.4,2.66
Cotton,28.1,78.1,64.1,52.4,6.0,117.2,39.3,56.5,Kharif,269.1,2.58
Cotton,29.4,77.1,73.4,56.0,6.8,67.2,71.1,34.7,Kharif,360.8,2.42
Cotton,29.2,98.4,52.4,64.4,5.9,96.3,71.5,53.3,Kharif,238.5,2.77
Cotton,31.0,99.4,71.1,46.1,5.5,54.6,53.0,61.0,Kharif,128.0,2.47
Cotton,29.4,76.1,54.2,36.5,6.2,76.7,52.5,63.5,Kharif,148.3,2.47
Cotton,30.3,76.6,61.6,63.8,6.2,62.4,66.5,45.6,Kharif,319.7,2.46
Cotton,32.2,82.0,51.9,69.0,6.9,45.7,63.6,76.5,Kharif,299.6,2.41
Cotton,32.2,84.5,65.6,56.5,5.5,62.5,66.6,36.5,Kharif,315.2,2.43
Cotton,29.9,89.5,57.5,43.7,6.3,73.6,49.9,71.5,Kharif,109.7,2.6
Cotton,30.0,97.4,60.1,66.8,6.0,78.1,31.2,51.9,Kharif,371.9,2.59
Cotton,32.3,88.1,79.7,37.3,6.6,119.1,65.1,76.0,Kharif,217.3,2.69
Cotton,30.2,98.8,75.8,57.3,6.1,101.2,63.9,54.0,Kharif,289.3,2.77
Cotton,28.1,80.8,73.5,39.5,6.5,71.5,55.0,67.9,Kharif,327.7,2.51
Cotton,30.2,77.9,54.0,39.5,6.4,103.9,65.4,46.9,Kharif,356.3,2.58
Cotton,29.5,97.2,61.9,47.1,7.3,114.5,78.8,71.9,Kharif,250.1,2.89
Cotton,30.5,82.5,60.8,56.7,5.7,69.5,64.7,42.9,Kharif,356.1,2.47
Cotton,31.7,82.4,59.7,65.9,6.7,54.3,64.6,76.9,Kharif,195.0,2.5
Cotton,28.1,77.6,59.3,69.5,6.4,89.4,45.3,35.6,Kharif,343.8,2.42
Cotton,29.7,79.9,58.3,41.8,6.0,78.6,49.7,39.5,Kharif,353.9,2.31
Cotton,32.7,87.2,79.2,57.2,7.0,51.9,62.7,73.1,Kharif,302.0,2.44
Cotton,30.3,86.4,55.3,42.2,6.9,88.3,46.0,30.7,Kharif,232.7,2.38
Cotton,28.8,81.3,66.4,60.0,6.4,48.3,40.6,64.1,Kharif,197.3,2.34
Cotton,30.0,82.7,72.4,35.8,6.8,57.4,43.4,51.1,Kharif,250.4,2.33
Cotton,30.7,94.4,67.5,35.8,7.1,42.9,76.3,60.3,Kharif,334.0,2.43
Cotton,29.6,92.8,54.1,64.2,7.3,95.3,50.2,55.8,Kharif,290.6,2.59
Cotton,31.4,76.4,58.2,38.5,6.8,111.3,59.0,63.8,Kharif,103.6,2.62
Cotton,28.6,75.4,50.5,50.5,5.5,62.0,31.6,76.9,Kharif,171.0,2.44
Cotton,30.6,97.2,78.1,57.3,6.7,51.1,35.7,44.1,Kharif,176.2,2.35
Cotton,30.1,88.5,58.2,36.9,6.0,53.9,32.3,43.0,Kharif,181.9,2.18
Cotton,28.3,94.1,61.6,56.6,6.2,49.5,77.3,76.4,Kharif,287.7,2.61
Cotton,32.8,83.1,61.9,63.4,6.4,95.5,42.5,32.0,Kharif,293.2,2.49
Cotton,30.9,87.7,61.2,69.2,6.2,96.5,74.2,33.0,Kharif,237.6,2.55
Cotton,32.0,85.8,58.4,59.5,5.8,43.3,79.6,34.8,Kharif,209.1,2.37
Cotton,30.5,79.8,61.5,37.6,5.5,92.3,56.2,68.4,Kharif,330.1,2.46
Cotton,29.0,82.3,67.9,32.1,5.8,76.3,62.4,59.1,Kharif,148.2,2.43
Cotton,28.5,89.9,59.2,33.4,6.7,53.7,74.0,69.9,Kharif,226.8,2.46
Cotton,32.7,87.9,73.9,48.1,7.0,49.5,71.5,56.0,Kharif,298.0,2.4
Sugarcane,35.0,214.7,78.1,38.0,6.4,75.6,63.6,39.7,Kharif,281.7,74.65
Sugarcane,34.0,218.6,59.3,33.1,6.0,73.2,46.1,34.3,Kharif,100.2,72.04
Sugarcane,37.2,199.3,67.8,45.3,6.6,52.6,48.1,40.7,Kharif,268.3,68.23
Sugarcane,34.6,219.6,69.1,31.1,5.6,64.2,39.3,74.5,Kharif,377.7,73.08
Sugarcane,31.8,204.1,66.4,50.0,6.6,73.1,37.7,57.0,Kharif,120.1,70.7
Sugarcane,37.8,199.1,52.5,31.3,7.1,114.1,53.1,36.9,Kharif,127.4,76.93
Sugarcane,34.2,198.9,59.0,51.0,5.6,101.0,49.5,69.1,Kharif,336.9,77.47
Sugarcane,34.6,196.2,61.6,46.0,5.9,56.3,37.4,48.2,Kharif,306.8,69.43
Sugarcane,32.2,184.0,63.2,33.8,5.7,62.3,47.6,37.8,Kharif,212.9,68.73
Sugarcane,32.7,196.1,66.8,66.3,6.2,53.5,59.9,69.3,Kharif,159.2,75.09
Sugarcane,36.2,213.4,68.4,30.1,6.8,72.7,77.5,41.8,Kharif,121.8,74.95
Sugarcane,30.3,211.9,72.2,37.0,5.9,100.5,46.2,75.3,Kharif,101.0,82.65
Sugarcane,37.4,206.1,64.5,69.5,7.3,61.6,71.4,76.5,Kharif,183.2,77.22
Sugarcane,31.2,194.9,71.2,41.3,7.5,72.0,66.2,44.5,Kharif,351.3,71.33
Sugarcane,33.3,214.6,69.7,44.1,6.1,73.7,31.7,79.9,Kharif,230.0,73.31
Sugarcane,34.3,197.8,66.6,42.2,5.6,70.8,65.2,47.6,Kharif,297.2,74.63
Sugarcane,32.2,188.4,64.2,32.1,6.1,102.6,38.9,53.6,Kharif,374.9,73.2
Sugarcane,37.1,217.6,64.5,66.4,5.5,61.6,68.2,62.5,Kharif,213.4,78.41
Sugarcane,30.0,217.5,74.0,42.1,5.5,83.5,56.0,61.8,Kharif,132.1,78.72
Sugarcane,31.7,206.5,55.4,60.9,6.5,77.2,46.6,60.1,Kharif,258.9,76.53
Sugarcane,36.1,195.3,67.7,33.0,7.1,90.3,49.6,58.1,Kharif,136.8,75.64
Sugarcane,34.8,211.6,59.0,60.9,6.2,88.0,30.4,67.2,Kharif,288.0,75.83
Sugarcane,32.8,196.4,53.7,52.9,6.6,52.2,32.2,55.3,Kharif,252.2,65.96
Sugarcane,35.5,189.0,55.3,58.4,7.5,73.6,54.6,70.7,Kharif,108.9,77.85
Sugarcane,30.2,207.2,61.7,55.1,6.6,72.5,73.5,72.2,Kharif,197.2,78.03
Sugarcane,30.4,214.6,56.9,34.3,6.1,91.1,35.6,57.0,Kharif,367.9,78.55
Sugarcane,33.9,204.8,79.7,31.0,6.1,47.6,31.7,49.5,Kharif,194.2,65.21
Sugarcane,32.9,202.0,68.4,68.2,7.4,47.5,32.4,34.1,Kharif,266.9,66.54
Sugarcane,36.5,191.7,61.2,68.0,5.7,95.1,45.8,77.4,Kharif,355.9,79.56
Sugarcane,37.5,206.1,50.6,63.0,6.9,60.6,33.6,38.5,Kharif,350.6,67.83
Sugarcane,35.4,183.5,54.5,60.5,5.9,79.8,68.7,57.1,Kharif,149.5,73.54
Sugarcane,34.9,215.6,77.0,54.7,7.5,59.5,68.3,37.2,Kharif,222.2,77.57
Sugarcane,33.4,211.4,57.7,53.6,6.1,103.2,35.0,67.1,Kharif,265.0,78.03
Sugarcane,35.6,183.2,54.2,56.7,6.9,100.3,78.8,47.0,Kharif,271.1,79.88
Sugarcane,37.8,189.4,57.4,68.7,7.0,47.9,70.0,53.4,Kharif,215.1,70.44
Sugarcane,30.2,205.6,62.7,55.8,6.5,87.8,31.8,37.7,Kharif,217.3,73.88
Sugarcane,33.1,212.3,58.7,34.8,7.4,117.1,65.5,67.9,Kharif,259.7,79.32
Sugarcane,32.1,196.6,79.9,40.1,5.6,59.6,36.4,46.6,Kharif,114.5,67.76
Sugarcane,31.8,198.0,72.7,38.9,5.6,80.7,42.5,34.1,Kharif,397.9,71.47
Sugarcane,35.4,216.7,56.8,34.6,6.1,63.9,59.9,58.7,Kharif,218.2,72.41
Sugarcane,31.3,200.0,56.2,69.9,7.4,104.6,33.0,68.1,Kharif,348.4,80.83
Sugarcane,30.5,211.1,72.0,49.4,5.7,69.4,37.8,36.6,Kharif,303.2,70.55
Sugarcane,30.3,200.0,59.0,37.3,7.5,70.1,59.3,70.3,Kharif,340.2,73.31
Sugarcane,37.2,197.8,77.6,46.6,6.0,50.2,46.6,74.3,Kharif,177.3,73.58
Sugarcane,37.1,204.2,54.7,57.3,6.8,52.0,52.8,39.0,Kharif,280.5,69.92
Sugarcane,36.3,201.4,57.8,40.7,6.0,65.9,70.1,34.9,Kharif,123.5,70.63
Sugarcane,35.6,197.0,58.1,67.3,6.3,95.4,75.5,65.9,Kharif,112.7,81.41
Sugarcane,36.5,213.1,66.2,66.2,6.4,50.2,32.0,55.9,Kharif,150.2,70.87
Sugarcane,30.4,192.7,62.8,34.2,6.5,67.9,48.6,43.0,Kharif,392.1,66.55
Sugarcane,32.9,191.9,67.1,41.9,5.8,77.4,70.3,41.4,Kharif,367.6,75.93
Sugarcane,33.0,199.6,51.3,57.1,6.0,97.1,54.6,45.5,Kharif,162.4,76.01
Sugarcane,37.2,180.9,65.0,32.0,6.2,110.2,75.9,79.8,Kharif,325.1,82.3
Sugarcane,34.6,202.3,58.9,62.7,7.0,64.2,48.8,71.8,Kharif,240.0,74.41
Sugarcane,33.6,183.1,72.7,68.4,6.6,70.5,58.2,34.9,Kharif,188.9,72.36
Sugarcane,33.1,185.2,78.3,35.4,7.1,113.3,75.2,56.1,Kharif,169.0,82.0
Sugarcane,33.0,203.4,56.4,31.6,7.0,53.7,79.1,43.7,Kharif,233.6,71.49
Sugarcane,37.6,187.8,50.2,31.5,5.8,52.2,72.8,31.8,Kharif,262.6,69.8
Sugarcane,35.3,183.8,66.3,55.4,7.0,60.4,53.1,65.3,Kharif,229.6,74.42
Sugarcane,36.6,209.5,74.7,40.5,6.8,117.6,65.7,41.8,Kharif,276.2,79.19
Sugarcane,33.1,205.8,65.2,37.6,6.1,100.1,44.4,30.7,Kharif,332.8,74.71
Sugarcane,34.5,189.3,75.2,69.0,6.1,78.6,49.1,37.8,Kharif,377.8,72.35
Sugarcane,36.4,197.9,64.4,49.3,5.9,89.5,53.2,54.9,Kharif,178.5,77.85
Sugarcane,31.8,185.6,63.5,65.2,5.9,81.0,71.6,37.4,Kharif,118.0,74.99
Sugarcane,33.4,203.2,72.6,30.5,5.6,76.4,45.9,50.2,Kharif,224.2,72.17
Sugarcane,36.3,197.4,62.6,41.2,6.5,54.1,78.4,65.4,Kharif,346.1,75.41
Sugarcane,31.5,214.7,68.5,37.1,7.3,95.0,65.3,73.9,Kharif,253.9,79.71
Sugarcane,31.0,193.9,76.1,45.3,6.5,119.5,36.0,76.9,Kharif,134.6,80.04
Sugarcane,33.9,197.6,51.8,39.3,6.3,97.2,68.0,38.5,Kharif,390.7,77.6
Sugarcane,34.2,210.6,57.7,53.7,7.1,78.9,62.5,35.2,Kharif,207.8,75.38
Sugarcane,35.2,208.8,70.4,69.4,5.9,57.1,58.0,64.7,Kharif,133.9,74.29
Sugarcane,37.5,207.1,60.5,67.2,6.1,93.0,37.5,67.1,Kharif,317.2,77.03
Sugarcane,34.5,186.7,79.7,59.4,5.7,64.7,55.7,38.4,Kharif,322.0,69.48
Sugarcane,33.6,209.3,79.7,69.7,6.8,101.8,59.2,59.9,Kharif,141.8,84.77
Sugarcane,36.9,219.3,76.8,38.4,5.7,62.5,47.6,73.0,Kharif,327.6,72.71
Sugarcane,31.0,217.4,69.5,58.6,6.1,44.0,44.0,72.5,Kharif,183.7,72.65
Sugarcane,31.7,207.1,58.5,50.2,5.9,110.6,79.2,76.7,Kharif,201.2,86.47
Sugarcane,30.4,216.3,72.0,32.8,6.3,87.0,54.3,42.8,Kharif,242.1,76.69
Sugarcane,31.0,195.4,53.4,59.1,7.0,85.8,38.7,33.0,Kharif,387.7,72.45
Sugarcane,35.9,207.0,66.1,46.5,6.2,119.9,33.4,76.8,Kharif,348.8,78.78
Sugarcane,32.7,209.2,64.8,38.9,6.3,91.9,64.9,35.7,Kharif,300.5,72.45
Sugarcane,32.4,200.5,70.3,44.8,7.3,70.5,63.2,77.3,Kharif,136.9,76.69
Sugarcane,35.4,217.7,66.1,56.4,5.7,90.2,49.9,60.6,Kharif,314.2,74.96
Sugarcane,37.5,211.7,52.6,56.7,6.7,112.9,58.9,65.4,Kharif,308.5,83.33
Sugarcane,34.8,198.4,57.3,58.0,6.1,45.7,69.8,43.3,Kharif,361.1,72.24
Sugarcane,34.0,207.5,59.2,66.5,7.4,61.2,75.5,53.8,Kharif,371.1,76.64
Sugarcane,31.0,184.7,50.6,52.0,6.4,48.6,78.5,77.4,Kharif,131.4,73.94
Sugarcane,34.6,206.5,79.0,45.9,5.7,86.5,38.9,50.3,Kharif,232.4,73.71
Sugarcane,35.3,209.7,75.7,30.2,7.1,82.1,54.5,40.1,Kharif,311.0,73.86
Sugarcane,36.3,202.7,63.1,68.8,5.7,68.4,63.7,58.0,Kharif,189.5,75.48
Sugarcane,35.8,218.1,73.3,38.0,5.7,90.4,35.4,64.5,Kharif,351.5,74.92
Sugarcane,35.2,212.9,71.5,54.2,6.6,118.8,32.3,50.4,Kharif,237.6,80.39
Sugarcane,32.3,181.5,72.1,68.5,7.3,76.1,35.6,69.7,Kharif,232.0,72.44
Sugarcane,31.4,191.5,75.9,48.7,7.3,68.3,47.4,70.4,Kharif,262.1,71.53
Sugarcane,36.9,197.0,76.8,30.9,6.7,44.8,51.4,49.2,Kharif,294.2,68.66
Sugarcane,34.2,182.1,79.7,47.7,7.3,98.5,49.3,77.3,Kharif,252.4,75.29
Sugarcane,33.6,219.3,77.1,47.2,6.2,66.3,54.7,37.4,Kharif,395.5,72.32
Sugarcane,35.0,206.1,53.5,54.7,7.0,89.1,76.8,68.2,Kharif,336.7,82.75
Sugarcane,30.2,216.6,67.2,55.3,6.8,105.9,44.2,41.2,Kharif,329.7,77.14
Sugarcane,31.0,207.4,51.0,38.1,6.4,57.9,71.5,76.0,Kharif,160.9,75.86
Sugarcane,36.7,184.5,62.4,39.3,6.1,64.3,40.2,50.1,Kharif,294.7,69.84
Sugarcane,30.7,190.2,78.9,57.6,6.3,82.6,49.3,50.5,Kharif,223.9,72.38
Sugarcane,30.4,180.2,56.0,45.8,6.0,109.8,73.9,54.2,Kharif,294.0,79.2
Sugarcane,31.1,206.4,69.0,38.0,7.5,111.4,39.4,52.3,Kharif,243.7,76.56
Sugarcane,34.2,188.9,61.5,68.8,5.7,109.1,79.2,78.6,Kharif,285.5,85.28
Sugarcane,32.3,206.4,66.6,53.2,7.4,117.0,65.1,30.9,Kharif,110.7,83.38
Sugarcane,30.9,195.8,69.1,31.0,7.3,55.9,39.7,47.3,Kharif,189.9,65.88
Sugarcane,32.6,216.4,61.8,34.2,7.4,103.6,66.0,30.9,Kharif,152.9,76.06
Sugarcane,37.5,198.8,72.2,46.0,6.7,53.4,40.5,42.6,Kharif,264.2,67.68
Sugarcane,37.7,183.1,78.9,40.3,5.6,111.0,67.4,57.1,Kharif,274.7,80.46
Sugarcane,36.8,218.0,71.9,64.9,7.2,44.1,58.2,77.2,Kharif,166.9,76.16
Sugarcane,32.8,198.0,71.0,65.3,7.5,70.1,53.9,63.7,Kharif,139.6,77.23
Sugarcane,35.2,198.6,51.9,57.5,5.6,119.1,56.0,42.8,Kharif,270.8,80.11
Sugarcane,31.2,191.2,52.4,34.1,7.2,51.7,48.5,34.9,Kharif,160.7,64.77
Sugarcane,37.9,213.8,59.9,54.7,5.5,93.8,58.8,41.7,Kharif,371.4,77.22
Sugarcane,36.6,208.4,55.0,30.8,7.4,89.1,77.7,51.6,Kharif,356.1,77.56
Sugarcane,36.6,213.4,79.4,35.1,5.8,111.3,43.2,61.7,Kharif,112.5,79.03
Sugarcane,35.3,216.0,63.2,32.5,6.4,65.3,56.2,48.6,Kharif,349.9,72.85
Sugarcane,31.0,219.3,67.7,68.7,5.7,90.1,51.2,52.0,Kharif,367.7,79.05
Sugarcane,32.4,192.2,57.1,36.9,5.7,56.3,48.2,66.3,Kharif,380.8,72.36
Sugarcane,35.4,205.4,54.5,60.7,6.7,54.9,55.1,37.4,Kharif,107.0,67.11
Sugarcane,34.8,190.3,70.5,36.7,5.8,80.4,39.0,77.1,Kharif,355.6,74.27
Sugarcane,30.6,208.2,63.3,56.0,6.3,111.2,59.3,75.1,Kharif,364.7,86.27
Sugarcane,37.6,193.0,56.3,61.4,6.6,115.6,35.2,49.1,Kharif,190.7,75.94
Sugarcane,35.2,210.6,66.0,46.8,6.8,97.3,70.2,68.3,Kharif,148.4,82.5
Sugarcane,34.6,211.8,74.9,57.2,6.6,85.1,34.7,42.7,Kharif,232.4,72.1
Sugarcane,34.1,180.1,50.8,65.4,7.2,116.1,79.5,61.1,Kharif,186.5,81.3
Sugarcane,34.3,191.8,63.5,47.7,7.3,46.9,47.0,61.0,Kharif,119.4,66.6
Sugarcane,30.7,196.9,65.5,51.7,6.9,53.7,30.5,46.6,Kharif,199.4,67.03
Sugarcane,30.7,199.5,63.2,31.4,6.4,110.4,38.7,76.7,Kharif,191.9,78.59
Sugarcane,30.7,185.7,78.7,55.0,5.7,70.7,36.1,39.3,Kharif,165.5,70.45
Sugarcane,33.6,194.4,51.8,47.3,7.1,44.0,48.5,57.6,Kharif,184.8,69.75
Sugarcane,37.9,217.0,65.5,30.9,6.7,57.5,60.1,69.7,Kharif,117.7,73.91
Sugarcane,36.3,180.3,52.1,34.8,7.1,74.9,71.3,55.0,Kharif,260.8,75.58
Sugarcane,32.8,180.5,75.8,45.4,7.4,62.5,74.2,37.6,Kharif,151.9,70.48
Sugarcane,35.7,200.4,59.9,49.6,6.7,89.7,40.1,51.1,Kharif,356.0,74.8
Sugarcane,33.3,197.0,52.4,69.5,6.6,103.7,59.5,47.2,Kharif,106.7,81.07
Sugarcane,31.2,198.3,70.1,43.3,7.4,106.3,60.3,66.4,Kharif,205.3,81.1
Sugarcane,36.1,217.4,64.9,69.2,6.7,49.2,68.4,68.1,Kharif,232.6,76.87
Sugarcane,37.8,198.4,77.3,63.2,6.0,115.5,48.0,69.2,Kharif,111.6,83.65
Sugarcane,34.5,210.9,69.1,52.6,6.6,83.2,78.1,38.6,Kharif,319.0,78.25
Sugarcane,35.7,186.7,53.3,63.9,6.8,88.1,75.3,30.0,Kharif,185.9,76.17
Sugarcane,31.2,184.1,64.1,45.6,6.8,75.3,63.6,76.1,Kharif,166.1,76.42
Sugarcane,37.6,194.1,76.9,46.3,6.6,82.4,37.7,41.8,Kharif,334.9,70.75
Sugarcane,35.6,203.9,70.1,49.2,7.3,51.8,51.4,52.2,Kharif,128.9,69.49
Sugarcane,35.5,205.7,70.6,34.5,6.7,107.8,43.6,41.6,Kharif,394.5,76.02
Sugarcane,34.5,193.3,77.4,39.7,7.3,76.3,39.9,66.9,Kharif,114.7,72.66
Sugarcane,35.7,188.2,78.0,35.3,6.1,86.1,46.9,30.3,Kharif,388.4,69.92
Sugarcane,35.6,192.9,77.2,52.2,6.0,119.6,79.3,47.9,Kharif,129.9,85.94
Sugarcane,31.3,215.3,62.3,40.5,5.9,49.3,32.0,52.5,Kharif,279.7,66.99
Sugarcane,30.8,192.2,68.6,68.0,6.9,102.1,50.6,49.1,Kharif,155.0,78.36
Sugarcane,36.4,195.4,66.9,46.9,5.5,105.9,32.0,43.8,Kharif,298.2,74.0
Sugarcane,33.7,202.3,56.5,65.3,6.7,54.5,75.6,51.1,Kharif,358.7,73.38
Sugarcane,32.3,205.4,50.6,51.9,7.5,64.0,76.0,79.5,Kharif,143.9,80.03
Sugarcane,35.9,195.0,57.4,42.0,5.7,114.0,70.7,61.1,Kharif,256.0,83.04
Sugarcane,31.5,202.8,62.4,33.6,6.9,64.1,37.1,47.8,Kharif,247.5,67.28
Sugarcane,36.1,215.1,53.8,42.2,5.8,59.2,48.1,31.9,Kharif,303.0,68.39
Sugarcane,31.5,199.3,53.6,34.1,7.2,117.6,37.1,76.5,Kharif,318.1,81.5
Sugarcane,34.2,212.6,78.6,32.3,6.6,75.4,60.3,57.5,Kharif,187.4,74.97
Sugarcane,35.6,211.6,58.4,40.5,5.6,70.0,77.1,39.7,Kharif,314.8,75.12
Sugarcane,32.0,191.9,56.3,46.6,6.4,50.4,51.9,47.8,Kharif,386.8,68.51
Sugarcane,30.1,183.2,69.0,58.4,5.6,92.7,46.8,62.8,Kharif,232.4,77.15
Sugarcane,30.1,213.0,71.5,36.1,5.5,49.4,73.2,47.9,Kharif,384.9,72.47
Sugarcane,30.7,194.8,57.2,47.5,7.2,97.3,72.9,60.2,Kharif,195.8,78.44
Sugarcane,35.7,182.7,71.4,46.7,7.4,44.9,36.1,42.7,Kharif,305.4,64.08
Sugarcane,30.8,210.4,67.6,37.2,7.1,97.2,56.1,67.2,Kharif,122.3,79.33
Sugarcane,36.6,200.6,68.9,61.1,6.2,74.1,34.6,72.8,Kharif,190.3,73.63
Sugarcane,32.9,216.3,74.6,30.7,7.3,101.2,62.6,46.6,Kharif,147.3,78.41
Sugarcane,36.6,204.9,53.7,43.0,6.7,53.8,66.1,34.6,Kharif,399.5,72.32
Sugarcane,34.8,204.1,61.4,63.5,7.1,119.3,66.6,37.6,Kharif,313.5,81.77
Sugarcane,37.7,210.3,78.0,47.3,6.3,103.1,59.5,56.6,Kharif,166.5,81.32
Sugarcane,34.2,212.3,53.1,41.2,6.4,87.1,58.4,33.2,Kharif,144.0,74.53
Sugarcane,32.6,180.2,50.8,55.8,5.9,54.7,45.8,71.2,Kharif,214.5,71.67
Sugarcane,36.6,207.2,64.8,68.4,7.2,91.5,77.4,76.5,Kharif,154.2,81.14
Sugarcane,30.4,206.8,60.2,31.6,6.8,76.8,65.9,33.6,Kharif,358.9,73.54
Sugarcane,35.2,205.4,64.1,60.4,6.4,43.1,59.1,38.9,Kharif,228.2,69.61
Sugarcane,32.7,209.0,52.5,32.6,6.3,100.0,77.9,34.0,Kharif,125.7,77.75
Sugarcane,34.0,199.8,72.8,30.2,5.8,63.7,41.6,60.0,Kharif,184.4,70.54
Sugarcane,33.8,183.7,78.6,34.1,7.1,103.3,65.4,77.8,Kharif,206.3,77.82
Sugarcane,37.8,197.6,58.1,69.0,6.7,53.1,45.5,51.2,Kharif,220.7,73.34
Sugarcane,37.3,200.3,50.7,35.1,5.7,89.1,34.5,51.6,Kharif,145.0,71.27
Sugarcane,34.3,192.7,50.7,49.1,7.3,105.9,48.7,41.5,Kharif,371.1,76.25
Sugarcane,36.5,214.8,62.0,36.0,7.2,44.9,45.5,57.0,Kharif,284.8,69.47
Sugarcane,33.8,219.9,60.5,57.1,5.6,89.9,79.1,49.1,Kharif,176.5,79.91
Sugarcane,33.1,184.3,60.4,67.5,7.3,85.2,71.6,46.1,Kharif,377.9,81.54
Sugarcane,31.4,203.6,74.4,56.3,6.6,49.6,69.0,71.1,Kharif,212.1,75.02
Sugarcane,36.2,185.2,64.2,68.2,7.5,113.5,50.1,42.0,Kharif,228.5,79.53
Sugarcane,36.7,200.8,65.7,41.5,7.4,117.0,43.7,53.3,Kharif,279.6,79.2
Sugarcane,32.0,194.2,52.3,33.7,6.9,108.5,30.8,60.6,Kharif,128.0,74.2
Sugarcane,36.7,186.5,79.7,42.8,6.8,51.7,43.8,65.4,Kharif,252.4,69.1
Sugarcane,35.1,197.3,56.2,48.4,5.6,75.0,62.6,33.9,Kharif,298.2,70.99
Sugarcane,33.4,210.6,52.6,33.8,6.1,44.5,46.4,57.0,Kharif,126.3,68.84
Sugarcane,33.2,185.9,59.3,44.4,6.7,74.6,64.7,77.9,Kharif,169.4,76.72
Sugarcane,33.9,198.8,54.1,52.1,5.7,60.5,63.9,72.4,Kharif,130.7,76.53
Sugarcane,36.6,202.5,73.7,61.2,6.7,47.9,55.5,37.0,Kharif,301.3,68.9
Sugarcane,31.5,184.5,53.0,34.4,6.6,54.0,63.7,61.4,Kharif,190.2,69.69
Sugarcane,32.0,215.3,69.9,34.2,6.5,80.1,46.9,69.8,Kharif,106.0,78.91
Sugarcane,33.1,198.8,59.7,65.6,7.2,100.5,37.2,35.4,Kharif,317.7,72.55
Sugarcane,30.2,197.9,62.8,50.5,7.5,55.8,57.7,43.0,Kharif,186.1,69.15
Sugarcane,38.0,192.9,75.5,50.6,6.3,61.6,78.9,68.4,Kharif,317.3,74.58
Sugarcane,30.4,183.4,60.3,39.7,7.3,91.6,47.9,75.1,Kharif,311.6,76.7
